State,prv0_m,prv0_l,prv0_u,adr_m,adr_l,adr_u,p_pub_m,p_pub_l,p_pub_u,p_ppm_m,p_ppm_l,p_ppm_u,r_sym_m,r_sym_l,r_sym_u,r_aware_m,r_aware_l,r_aware_u,r_acf_m,r_acf_l,r_acf_u,r_det_all_m,r_det_all_l,r_det_all_u,r_sc_m,r_sc_l,r_sc_u,txi_pri_m,txi_pri_l,txi_pri_u,ppv_pri_m,ppv_pri_l,ppv_pri_u,dur_pri_m,dur_pri_l,dur_pri_u,p_pri_on_pub_m,p_pri_on_pub_l,p_pri_on_pub_u,ra_m,ra_l,ra_u,rs_m,rs_l,rs_u,rc_m,rc_l,rc_u,r_det_m,r_det_l,r_det_u,a0_m,a0_l,a0_u,c0_m,c0_l,c0_u,pr_a_m,pr_a_l,pr_a_u,pr_s_m,pr_s_l,pr_s_u,pr_c_m,pr_c_l,pr_c_u,prv_a_m,prv_a_l,prv_a_u,prv_s_m,prv_s_l,prv_s_u,prv_c_m,prv_c_l,prv_c_u,prv_t_eu_m,prv_t_eu_l,prv_t_eu_u,prv_t_ei_m,prv_t_ei_l,prv_t_ei_u,prv_t_pri_m,prv_t_pri_l,prv_t_pri_u,det_pub_m,det_pub_l,det_pub_u,det_eng_m,det_eng_l,det_eng_u,det_pri_m,det_pri_l,det_pri_u,scale_dur_m,scale_dur_l,scale_dur_u,r_death_a_m,r_death_a_l,r_death_a_u,r_death_s_m,r_death_s_l,r_death_s_u,ppv_pub_m,ppv_pub_l,ppv_pub_u,ppv_eng_m,ppv_eng_l,ppv_eng_u,sens_acf_m,sens_acf_l,sens_acf_u,spec_acf_m,spec_acf_l,spec_acf_u,dur_pub_m,dur_pub_l,dur_pub_u
India,0.0028327496569839133,0.0028299828414799573,0.0028355698330633805,0.045425145405287276,0.04474709217445472,0.04603292142562776,0.6548134861002697,0.5462547808770958,0.7090322033612773,0.7902150461289104,0.4895919176232324,0.9910594928015415,0.8516427179433007,0.7805508887586666,0.9398872853828644,2.373346638321417,2.2364286597690124,2.6183107404467565,0.00366973789272186,0.003654751157062001,0.0036840075609229687,2.593136144142978,2.4977764809322305,2.8910170721334985,0.20250734650342642,0.10545498911041513,0.296190455836454,0.44019968679239463,0.020535138277316723,0.9651195913741888,0.42434341455188423,0.02294399124505278,0.8267475651121444,1.075638148931699,0.6853118340611228,1.466988065010961,0.4209185798415346,0.0566493948464218,0.6436026870454661,0.20507616302833173,0.1080285789401762,0.29875195847238145,0.3250761630283317,0.22802857894017622,0.4187519584723815,0.3250761630283317,0.22802857894017622,0.4187519584723815,2.946981790158424,2.7079279266101,3.515171601438121,3.1151573072613985,3.106793843140509,3.1229539773386064,0.8261492441340542,0.8233029592964038,0.829091945323454,0.6304317420388325,0.6299442823403921,0.6309152083645773,0.20237584171354428,0.20197249045691718,0.20279599038490373,0.16719241624762324,0.16680470704115707,0.16758413597673927,0.0017858553057410681,0.0017836062437244899,0.0017881531869929446,5.732800899265759e-4,5.720168090937378e-4,5.745852488353538e-4,4.736142613162604e-4,4.7245082212863374e-4,4.748367620589447e-4,3.165326901326955e-4,4.2644393808258295e-5,4.840219049896775e-4,2.1815162433782065e-4,9.086498754103005e-5,4.899555239604962e-4,4.5865880713712946e-5,5.177161821787561e-7,1.769178821154583e-4,0.6548134861002697,0.5462547808770958,0.7090322033612773,0.26639151901976915,0.22219468819080634,0.2884347975103866,0.07879499487996122,0.002601581802251457,0.23164182319553037,1,1,1,0,0,0,0.12,0.12,0.12,0.85,0.85,0.85,0.85,0.85,0.85,0.7,0.7,0.7,0.99,0.99,0.99,0.5,0.5,0.5
Andhra Pradesh,0.002211973162827419,0.0016191558346037194,0.0028857820194549805,0.06528472527973028,0.06217011425406805,0.06848026230866526,0.6275727761501484,0.3651176038556852,0.7260547071319937,0.6834358244248891,0.21327019937945638,0.9871869832838457,1.3023179737057873,0.8708279691147953,1.9229679520002052,2.943700218231761,1.6140593147329614,5.282947633078397,0.003794416948029041,0.0036278922839735888,0.003954985108821286,3.732255757096931,1.9062620883380716,7.332545313941941,0.19944025483370295,0.1058513672774172,0.2938041125120842,0.3841948232791698,0.00861137512122075,0.9541772728614015,0.42962562577464064,0.026931358410206843,0.8257021480697577,1.1381702287078865,0.5678438010616442,1.4818547822232355,0.3317454142722526,0.010799440808350685,0.9082516761983903,0.20209634669732326,0.10846562174516483,0.2964155601005754,0.3220963466973233,0.22846562174516483,0.41641556010057545,0.3220963466973233,0.22846562174516483,0.41641556010057545,4.349339395594312,2.038072212687567,9.366640300186733,2.564355610226838,1.2586153136809135,4.885620303759739,0.8237337213410593,0.3030116188360842,1.8239746416787492,0.5726181637665592,0.43223984433978685,0.70351974241922,0.24409984005157256,0.135691816360933,0.3707863251095345,0.18328199618186825,0.09016524594067335,0.3010066626464101,0.0012670066329219906,8.37527876678999e-4,0.0017761288395745018,5.401323147276438e-4,2.77064217777353e-4,8.979420635422124e-4,4.0483421517777503e-4,1.8213409574980102e-4,7.021672148265557e-4,2.647011167204724e-4,8.648286477797753e-6,7.256366726016963e-4,2.3707665465768854e-4,3.473739073742605e-5,4.909919775441825e-4,6.08439159606429e-5,6.073613252388447e-7,2.5503267788466987e-4,0.6275727761501484,0.3651176038556852,0.7260547071319937,0.23373907761974946,0.13540148208511124,0.2704000896451759,0.13868814623010212,0.0035130928880879393,0.49948091405920375,1,1,1,0,0,0,0.12,0.12,0.12,0.85,0.85,0.85,0.85,0.85,0.85,0.7,0.7,0.7,0.99,0.99,0.99,0.5,0.5,0.5
Arunachal Pradesh,0.002321723843765871,0.0016425556097922262,0.0031144811126803873,0.09381605827178964,0.08218894487686401,0.09981503851105997,0.9153154640389206,0.6765143049885313,0.99333454831341494,0.16600288679617542,0.010035170511977443,0.7611418603512473,1.3085568349365542,0.841053875858716,1.9931766928875567,3.9006789911370605,1.8300885606721673,7.944843847598737,0.0029589264570241613,0.0025461830249974126,0.003395038041249529,3.6150215148438183,1.7286621370239335,7.536800703492736,0.19931146710512987,0.10588271533053667,0.2941251659838117,0.5170493366882392,0.037291690305860485,0.9730758103438804,0.4224500843119431,0.018632508761553365,0.8270229605952802,0.7217203470249618,0.0677020885475916,1.4527418024278584,0.5110739917706649,0.02975158225415817,0.9742858405592001,0.20138271562504678,0.10787668403518945,0.2962424311615079,0.3213827156250468,0.22787668403518943,0.4162424311615079,0.3213827156250468,0.22787668403518943,0.4162424311615079,4.088926995998242,1.896383902174684,8.851163274042577,3.3340710472090134,1.3300082092227237,7.33499937773221,1.149859028396682,0.36890589275025976,2.785755275577101,0.5910194968192408,0.4359640344844816,0.7427234973605453,0.20462212904264168,0.09444517704497805,0.3488266904018221,0.2043583741381175,0.09496303197456565,0.3462049166259867,0.0013719428142418913,8.627371360651955e-4,0.0020124497236071364,4.7560118238728065e-4,2.0249696934346675e-4,8.790713980869106e-4,4.7417984713668944e-4,1.9843281618147076e-4,8.558707795909059e-4,7.877241805027067e-6,4.617909309033092e-7,1.636401619195739e-5,1.1076763779141426e-5,2.3787355353214672e-7,6.713499283345678e-5,9.00034205594807e-5,2.0529832118811623e-6,2.9031455061698496e-4,0.9153154640389206,0.6765143049885313,0.99333454831341494,0.004668005755946393,0.0031041313413275222,0.006106510230904079,0.080016530205133,0.0015960023177723295,0.3199615045307976,1,1,1,0,0,0,0.12,0.12,0.12,0.85,0.85,0.85,0.85,0.85,0.85,0.7,0.7,0.7,0.99,0.99,0.99,0.5,0.5,0.5
Assam,0.002657791670615591,0.0018875167171495757,0.0035127715926779137,0.08046414362209164,0.07598736650054892,0.08498488800560632,0.7534548999718762,0.4954113930783589,0.8449127677644839,0.6312958037102898,0.17758482639841736,0.9808587341505933,0.7955256581932053,0.509153452281464,1.2298251395873745,2.203358251212709,1.0463939798205617,4.449226546675574,6.625029416081411e-4,6.11489964883043e-4,7.149269237043543e-4,1.9794904602614,0.9743835182765498,3.9467767334146453,0.20074183615703797,0.1051425815689625,0.29506606267904645,0.40902425014386073,0.013956876362273047,0.9574787564602945,0.42527124470381716,0.022896506246288355,0.8275462233468621,1.031474336803815,0.3722245635295346,1.4787035256075451,0.43625572646898836,0.017185629336138538,0.9605378446635069,0.20120558821616366,0.10561089517657594,0.29554325144867993,0.3212055882161637,0.22561089517657593,0.41554325144868,0.3212055882161637,0.22561089517657593,0.41554325144868,2.3491843100731966,1.1013339141081346,4.988394008018836,3.246825118755542,1.3463283451693375,6.823664488036925,1.10924831596098,0.3548385559949442,2.6826526397369177,0.5909993370783794,0.4333160198794622,0.7359332487759918,0.2069492715629681,0.10083756223611481,0.3430897709796092,0.20205139135865247,0.09573160412899247,0.33860177666976243,0.0015711649762356818,9.899057083900538e-4,0.0022533474806312654,5.504847833753714e-4,2.44351317247606e-4,9.906321744143243e-4,5.361419110045288e-4,2.4097182015969852e-4,9.455959945557214e-4,1.1336536366067939e-4,4.5045515632306045e-6,2.4963274481011377e-4,7.580912673483026e-5,5.4699931438194395e-6,1.9774663294220857e-4,4.3262891154326595e-5,4.962707480322504e-7,1.8954546391580275e-4,0.7534548999718762,0.4954113930783589,0.8449127677644839,0.13561688530210106,0.08959760971058064,0.15239568497033065,0.11092821472602277,0.0029654067176708987,0.4149813279017967,1,1,1,0,0,0,0.12,0.12,0.12,0.85,0.85,0.85,0.85,0.85,0.85,0.7,0.7,0.7,0.99,0.99,0.99,0.5,0.5,0.5
Bihar,0.002802328279006582,0.0021751873195731447,0.003511887415654219,4.586915744746708e-5,9.589349140450364e-7,1.6281012526221702e-4,0.37057169798417927,0.14150649583497724,0.5405138734150072,0.524511862132505,0.13472058569483564,0.9620570750847676,0.8406724671062943,0.5291124932386555,1.4223167844897755,1.606595580007804,0.83554880909278,3.1552028138397494,0.0015200021001162192,0.001450641671602531,0.0015844255603242598,3.050509884100712,1.3347522125810884,6.924194325360948,0.2000789298627004,0.10464553209368517,0.29489914795703204,0.5338021743700477,0.03671367152441475,0.9765038956334371,0.4293981223684354,0.02161511736807878,0.8284048073933393,0.31049327191371767,0.06993615769756584,0.9058850748103262,0.47663204934371234,0.027115726045237678,0.9629915545378699,0.20114293133278174,0.10574357454406019,0.29595718115719605,0.3211429313327817,0.2257435745440602,0.4159571811571961,0.3211429313327817,0.2257435745440602,0.4159571811571961,4.094455440362441,1.5434470585334397,11.126355214549916,2.367791768453091,1.3305000887856084,3.9940822877320317,0.527076889452558,0.2082286064471336,1.085487262018826,0.5991183937376768,0.4839563330725568,0.7109274190729746,0.26781668477025067,0.17032382085565329,0.3757755442548977,0.13306492149207252,0.06501057313162231,0.22441192533425855,0.0016789751258319014,0.0012072663711421901,0.0022390696975990907,7.508866291813517e-4,4.424196671322023e-4,0.001142399996883304,3.7246652399332004e-4,1.76712897799141e-4,6.495289181214482e-4,3.9264076522528817e-4,2.232849827517067e-5,7.921196664507201e-4,9.459832137280326e-4,4.831125655407766e-5,0.002227458207595991,8.309545935350241e-4,1.9543351089856046e-5,0.0017656025495679916,0.37057169798417927,0.14150649583497724,0.5405138734150072,0.3031889548603141,0.11565616239061478,0.4420695440711501,0.3262393471555066,0.01743489182888142,0.7428367565515046,1,1,1,0,0,0,0.12,0.12,0.12,0.85,0.85,0.85,0.85,0.85,0.85,0.7,0.7,0.7,0.99,0.99,0.99,0.5,0.5,0.5
Chandigarh,0.002283790932109115,0.0014870096243721402,0.003321710225042173,0.09789859626018585,0.09277662599026076,0.09993644683098338,0.8275391071870478,0.5721950625279605,0.9142309818021305,0.5519243064795024,0.12098812858420507,0.9721113287932789,1.4168530750978587,0.8522829642753994,2.276746251984455,11.949053347870183,3.212666980499446,37.73222657257244,0.00191143937397788,0.0014999563235707078,0.0023847259763902524,11.739781855232065,3.20637853393126,38.20413788813131,0.19874885618544774,0.1047030134149573,0.2956729461148564,0.4244725847261605,0.0187716530609951,0.9639783379696972,0.42275212538757845,0.017936516232558316,0.8316081530644468,0.8967964178114528,0.22547225856528796,1.4710563492575288,0.5283283047242059,0.03605705971245591,0.9764957531545058,0.20008686374723225,0.10594676618139569,0.29694357737785315,0.3200868637472322,0.22594676618139567,0.41694357737785315,0.3200868637472322,0.22594676618139567,0.41694357737785315,18.62440912294145,4.983730873160317,61.52418754171575,9.142604638019456,2.207448366675452,30.20101815387762,1.508407683396309,0.1582116704995416,5.9390308297401635,0.7518637217048577,0.5675241149681018,0.8982276271248303,0.12412305994423309,0.02848372153824844,0.280633472431225,0.1240132183509092,0.025255544277785518,0.2718592092803035,0.0017171940422991442,0.0010199481824630205,0.002634754525445223,2.8382600795925125e-4,5.841719373725462e-5,6.897816641130227e-4,0.00028277088185071155,5.700680884685112e-5,6.693946185867996e-4,1.066466080270961e-4,7.266419851580785e-6,1.984808335709335e-4,6.622474418123317e-5,2.425044405640645e-6,2.376733604947895e-4,1.350691762692328e-4,2.1165884272272194e-6,4.698143685384188e-4,0.8275391071870478,0.5721950625279605,0.9142309818021305,0.07557558532600223,0.05199502736194727,0.08595595718504824,0.09688530748694997,0.0024311424691462738,0.3772389633607904,1,1,1,0,0,0,0.12,0.12,0.12,0.85,0.85,0.85,0.85,0.85,0.85,0.7,0.7,0.7,0.99,0.99,0.99,0.5,0.5,0.5
Chhatisgarh,0.002347283921392016,0.0016981790929162317,0.003088678267301419,0.09988494046401816,0.09957982774391505,0.09999699578574314,0.6215902685542822,0.38877231515875094,0.7144252545988627,0.695748875597187,0.2497992628707175,0.9881316614429366,0.57905184738467,0.40862218520851534,0.8256563264905792,4.933090750248499,1.8764799644281236,12.737802821979958,0.0030763770656498713,0.0029083999208677235,0.0032320688803636395,9.473931500276581,2.6190492029908343,31.184262920786498,0.20221652942649596,0.10537484950675098,0.29507433060099014,0.3975228033556584,0.011189762511797659,0.9584820461733973,0.4240543797517037,0.023755725507942187,0.8270676589646645,1.1252128539327286,0.4986633703327817,1.4835137937565657,0.3387547592000586,0.009747976198767874,0.9230598455099814,0.20436999337245088,0.10753794321232199,0.2972564350908181,0.32436999337245087,0.22753794321232199,0.41725643509081817,0.32436999337245087,0.22753794321232199,0.41725643509081817,11.383193609670364,2.9788169957449817,36.822106523461926,9.235650040353184,3.250543861566819,23.84566633676264,0.7409600792358402,0.11058154184340549,2.381339396219128,0.8221869500291262,0.6976512008910231,0.9205079585174232,0.11150501022857971,0.037791878566284104,0.21996538984277103,0.06630803974229407,0.014397196765438321,0.15464718213583215,0.0019297994779902438,0.0013378406482099558,0.002605853853210937,2.619396037576951e-4,8.184372033724853e-5,5.414096969478628e-4,1.5554483964406985e-4,3.245429010106316e-5,3.7411559592723427e-4,1.7916162779987779e-4,5.129409223218344e-6,4.878534701752928e-4,1.5431077409991238e-4,1.942920045026414e-5,3.4738471370027125e-4,4.7947612781538714e-5,5.502342495209715e-7,2.0911797309400553e-4,0.6215902685542822,0.38877231515875094,0.7144252545988627,0.24547406884498865,0.15277554746181124,0.2822097428251291,0.1329356626007291,0.0034071614438138443,0.45835242795363723,1,1,1,0,0,0,0.12,0.12,0.12,0.85,0.85,0.85,0.85,0.85,0.85,0.7,0.7,0.7,0.99,0.99,0.99,0.5,0.5,0.5
Delhi,0.004038535272364861,0.0028019263032721168,0.005519421803942282,0.02513067379941577,0.02234357340890197,0.028079619002772515,0.6611971729992696,0.42382396123730387,0.7388420302535353,0.732820190943066,0.2576120558802592,0.9900998616716229,1.3568701267114194,0.8857055262995543,2.073744044645231,4.590896384802584,2.0543878319491276,9.686874676743633,0.001727329949450856,0.001575022782038709,0.0018740830324685365,6.683337076440392,2.5804088754035917,16.417186316446745,0.199829510808651,0.1070172134803276,0.2940039831416589,0.35777686500163725,0.008255961716766654,0.9498514542672116,0.4299560654320265,0.02151252745489646,0.825074844232472,1.1636977641436688,0.599182974454438,1.4871527161288467,0.29158996334181897,0.01115059590218253,0.8782786747944724,0.2010386417732666,0.1082770849151898,0.2952601892790736,0.3210386417732666,0.22827708491518978,0.4152601892790736,0.3210386417732666,0.22827708491518978,0.4152601892790736,10.091106711253884,3.7065767893097568,25.883915391461983,3.7906152473694257,1.5016345921962793,8.476444359376423,0.8200315940347762,0.19835980580953938,2.245826028763756,0.6575055676902397,0.4970218065500348,0.7988386320371103,0.20131551045682883,0.08905534359156958,0.34889591645540596,0.1411789218529314,0.05004358773147993,0.2719045192353057,0.002654762574663829,0.0016887512790414324,0.003853529384588876,8.132699611413682e-4,3.349872381158828e-4,0.0015379416845898934,5.705027365596564e-4,1.876699789068578e-4,0.0011653450540081176,4.0900887591767843e-4,1.560017180418252e-5,0.0012292781294565847,4.4065031081324564e-4,8.374959604720455e-5,8.675563108832243e-4,1.1631835445972917e-4,1.2352512306173574e-6,4.73980109721407e-4,0.6611971729992696,0.42382396123730387,0.7388420302535353,0.23135052127473843,0.14842118090167056,0.25866108880874195,0.10745230572599197,0.0026048001751353893,0.4277448905024177,1,1,1,0,0,0,0.12,0.12,0.12,0.85,0.85,0.85,0.85,0.85,0.85,0.7,0.7,0.7,0.99,0.99,0.99,0.5,0.5,0.5
Gujarat,0.0015112086604701105,0.0010210882456914738,0.002075962933904493,0.06191481571928295,0.05953409183979532,0.06430999472924598,0.5843237936886253,0.3787435874140159,0.6560988548406403,0.7657091493516021,0.3179805802715678,0.9930895458282227,1.6120566472062627,1.07183896872833,2.433218576639702,15.875632958189785,4.746153085209163,46.506299057088434,0.004434988475116593,0.004260839921127343,0.004595408054067369,11.122791495041048,3.660849039843034,32.53183809535018,0.19936247897242637,0.10448874871708641,0.29510079821098945,0.3510081319410011,0.008144425815283496,0.9520309313167483,0.41756029768824227,0.01913545733436504,0.8285006076466503,1.3194529489877078,0.9717620690248365,1.4950008616140242,0.1027933281027953,0.002944043855314567,0.3550199681551389,0.20246697090500798,0.10764659474058133,0.2981767546303871,0.322466970905008,0.22764659474058133,0.4181767546303871,0.322466970905008,0.22764659474058133,0.4181767546303871,13.000500580875727,4.059818767732676,40.41050823889578,10.500801904988968,2.7772877472508686,32.52203745359415,1.8894638661426322,0.27546194056125617,7.05945243615274,0.7597857137017736,0.5927852702575706,0.8941539418470873,0.10367621806406814,0.025549228688350547,0.22925941421953736,0.1365380682341582,0.037288909871802105,0.28359570310891136,0.0011477299870455903,7.363048205665916e-4,0.00163689654046255,1.5667575046586073e-4,3.680818500488233e-5,3.620327173924246e-4,2.0680292295865123e-4,5.1272592035941925e-5,4.578510460339418e-4,1.315344459578353e-4,3.739045268692992e-6,4.5435268565470233e-4,4.184546543661913e-4,2.843524003662277e-4,5.8554100748501e-4,4.106902771242692e-5,5.122562012090439e-7,1.6904820219909155e-4,0.5843237936886253,0.3787435874140159,0.6560988548406403,0.30409193871122603,0.1972136390159871,0.34145877743035596,0.11158426760014863,0.0023746028839710374,0.42371277319056594,1,1,1,0,0,0,0.12,0.12,0.12,0.85,0.85,0.85,0.85,0.85,0.85,0.7,0.7,0.7,0.99,0.99,0.99,0.5,0.5,0.5
Haryana,0.004120669656988661,0.002628198457404444,0.006002922786900489,0.015622704503708295,0.012191388692695884,0.018991822095104957,0.6084358220519867,0.3282677588219452,0.7040757029032746,0.6985954076907143,0.20255469614656854,0.9891635317903565,0.9543297344388998,0.5419518009118931,1.6655191273555718,2.188523214965747,0.9311718530291916,5.216643749391915,0.0017363504318585999,0.0015577507666655421,0.0019053992412127222,10.133066570005907,1.8883473040367962,38.5855264279584,0.19882553022727859,0.10474660747509532,0.29539896292547585,0.393259481828431,0.011233778167610618,0.9412761776471046,0.428799570754575,0.023439615867208146,0.828522225212251,1.1177407287138665,0.4825757697769299,1.4836486458399758,0.3493263068215017,0.011435658259561539,0.9319307555222963,0.2000409755295796,0.10594665868708873,0.29662108894003375,0.3200409755295796,0.22594665868708871,0.41662108894003375,0.3200409755295796,0.22594665868708871,0.41662108894003375,12.874767964529381,2.21226547982369,50.26151470108312,2.8831133586324036,0.9760974175882602,7.475818213391346,0.4047100526581228,0.0384179619605472,1.4222039587586408,0.6413973668220917,0.43803038952302525,0.817972453618666,0.2688539547585274,0.10544388169408635,0.4649351044039575,0.08974867841938082,0.012189394096967333,0.22964822469009966,0.0026462243281477477,0.001436574376680663,0.004191757707132115,0.0011045966394403093,3.8658966386777624e-4,0.002108948058821898,3.6984868940059785e-4,4.725215392864456e-5,9.933703584062814e-4,4.0703138656446384e-4,1.3365343065174147e-5,0.0010884400422577893,3.5573301197946696e-4,4.649014501547366e-5,7.807303408169088e-4,1.0896895658218299e-4,1.2306059513688676e-6,4.8495228936121774e-4,0.6084358220519867,0.3282677588219452,0.7040757029032746,0.253118373005858,0.13643803257469814,0.2927664224576226,0.1384458049421554,0.0032079643193166675,0.5362726201861605,1,1,1,0,0,0,0.12,0.12,0.12,0.85,0.85,0.85,0.85,0.85,0.85,0.7,0.7,0.7,0.99,0.99,0.99,0.5,0.5,0.5
Himachal Pradesh,0.0018107086055864164,0.0011335797868650553,0.0026721635317332234,0.08538030966957623,0.07821408985906685,0.09245976596080387,0.742946465977161,0.3971815546978648,0.906364270657562,0.3874023885891914,0.06302773758986188,0.9283244276143888,1.7637553671537929,0.9825067402923572,3.1221169352147102,24.493800810487507,3.999527697390301,116.44127547823004,0.010973474377970084,0.010323753193146002,0.011591481004680692,4.358621676336228,1.735109813789528,10.43343492611771,0.1984087700820307,0.10485835961985697,0.2948362964627269,0.5172219753879957,0.04147851427660726,0.974532842757137,0.41805687569561373,0.020982405076737178,0.8263196170994638,0.6245997109686922,0.09501725913130302,1.4305573794350126,0.5304810833834905,0.0323066926542525,0.9791931778875821,0.20609020214660972,0.11253323277206163,0.30236380436000115,0.3260902021466097,0.23253323277206162,0.4223638043600012,0.3260902021466097,0.23253323277206162,0.4223638043600012,5.241213251957647,1.9243771763280362,13.612109451559862,15.360447250940213,2.1031121166848874,71.408791432361,6.561272122230903,0.6700812580192805,32.48460777519981,0.6417714423804216,0.42647908985423577,0.8247550422728821,0.08880242072547136,0.01009802544952314,0.23928870528453267,0.269426136894107,0.10579899493449177,0.4718334646192299,0.0011622806780436548,6.26678725036956e-4,0.001862165554441523,1.6044558619889395e-4,1.6295331316399235e-5,4.59510439433035e-4,4.87982341343859e-4,1.7184088594665104e-4,9.671463617314925e-4,1.5830199120339786e-4,9.616821567203827e-6,2.928840695614678e-4,1.907858905076055e-4,3.834362207037383e-6,7.540997515943142e-4,3.4803568019624347e-4,1.0136834789576587e-5,0.0010138900849152802,0.742946465977161,0.3971815546978648,0.906364270657562,0.0712152751604013,0.03805698174693693,0.08717316416135655,0.18583825886243768,0.006809938748766208,0.5651597674240624,1,1,1,0,0,0,0.12,0.12,0.12,0.85,0.85,0.85,0.85,0.85,0.85,0.7,0.7,0.7,0.99,0.99,0.99,0.5,0.5,0.5
Jammu & Kashmir,0.0018028639878929628,0.001101586813066043,0.0026249878421624757,0.09789018561864786,0.09310055869680868,0.09994526538172897,0.6399797841324332,0.27020394954238963,0.8918570110457043,0.27825754457172147,0.03861119242348102,0.8649187141502954,0.8426063723492834,0.43557195580701624,1.6008616052351619,10.05387652410129,1.7600322678070832,45.686116756882335,0.002017841206108594,0.0018681658049153492,0.002165170514782857,1.9088137905947378,0.748924828896833,4.674092690730414,0.20014561045539442,0.10456541628319432,0.2954243486312981,0.5751753354840925,0.06295773083825047,0.9785856697244399,0.42487132936639294,0.021503672587730498,0.8310715691147702,0.4182275001551392,0.04111942535089102,1.3105390150524663,0.4941289475103344,0.025456894351120286,0.9676297170847227,0.20155809929967042,0.10600116561464427,0.29682995053718375,0.3215580992996704,0.22600116561464428,0.41682995053718375,0.3215580992996704,0.22600116561464428,0.41682995053718375,2.563933907831879,0.9077355563131941,6.785729090939665,13.562093702047298,2.165871933611328,58.63250178570833,5.5740010646020695,0.715002136403066,25.723213526888465,0.6422089618288979,0.4455984384841072,0.8178567339548375,0.09181806706025558,0.011786589535446588,0.2366809541352328,0.26597297111084656,0.10980614656244185,0.4550180201613384,0.0011588683471247176,6.298566357369279e-4,0.0018630137440688952,1.6548734659697857e-4,2.0470162712297424e-5,4.599799287695221e-4,4.785082941712576e-4,1.7799632789326875e-4,9.103200148791348e-4,5.198746599790884e-5,2.7002187158638857e-6,1.0208302877417603e-4,1.507407594878821e-4,3.2745070490538834e-6,7.237143314848123e-4,4.971585317732212e-4,3.243071164733824e-5,0.0011552535890759668,0.6399797841324332,0.27020394954238963,0.8918570110457043,0.06708656133189787,0.028264000994866024,0.09368578038020957,0.292933654535669,0.014684096659865127,0.7011577422966,1,1,1,0,0,0,0.12,0.12,0.12,0.85,0.85,0.85,0.85,0.85,0.85,0.7,0.7,0.7,0.99,0.99,0.99,0.5,0.5,0.5
Jharkhand,0.003193680206680595,0.0022845513746801143,0.004185808163639973,0.014485012469211602,0.010655643900266302,0.018461796322804553,0.5661677625597864,0.2814469230194199,0.7076823254268038,0.5854786441115651,0.15754070140389728,0.9735395889019199,0.7377775862256873,0.48219268301396045,1.1549931960019533,1.6641704239518091,0.8815787508909173,3.1427882630665844,0.004832972911233477,0.004551363636263656,0.005108294045387577,8.060282755756717,2.0932858561652297,28.127845883059624,0.20084271465974188,0.10462726813627803,0.29601486784011477,0.4640133461632535,0.020641593281870114,0.9667190407922543,0.43586554064188476,0.024964858515356517,0.8289893862720022,0.8181374870389091,0.2243949693404326,1.4594495536849064,0.5682136911124914,0.0367902545922205,0.9796025261938267,0.20422579569760532,0.10802718247702847,0.29935906231215514,0.3242257956976053,0.2280271824770285,0.4193590623121552,0.3242257956976053,0.2280271824770285,0.4193590623121552,9.880089303839709,2.3473639222856124,36.40170031222162,2.8238820292572595,1.342666655139473,5.709574716558045,0.3000313319860487,0.05159816777501394,0.8879964482396848,0.6682138894581466,0.5215498232535125,0.8033714960732659,0.2608236524493529,0.13730444300518033,0.3966470651980651,0.0709624580925004,0.014025053343231583,0.17214986471088825,0.002133867170776379,0.0014296719158323717,0.002955200498186065,8.32918024028271e-4,4.1435948793388573e-4,0.0013796435384740042,2.2689501187593748e-4,4.354730680415756e-5,5.613399736311111e-4,3.934199781906729e-4,2.5572578884464946e-5,6.783019813392588e-4,2.3174084534628882e-4,7.846448167596292e-6,7.64904831656048e-4,1.9157512342010018e-4,2.488205791722086e-6,6.724787985912053e-4,0.5661677625597864,0.2814469230194199,0.7076823254268038,0.22785315322079108,0.1132845223897021,0.2849131917299716,0.20597908421942254,0.007753474527190559,0.6057600365239242,1,1,1,0,0,0,0.12,0.12,0.12,0.85,0.85,0.85,0.85,0.85,0.85,0.7,0.7,0.7,0.99,0.99,0.99,0.5,0.5,0.5
Karnataka,0.006821723739490259,0.005440169538555797,0.008323700321530915,0.07799863394697462,0.07478451547971232,0.08123243872394806,0.6809282103832434,0.4090130795619982,0.7773773136885516,0.6698016942359054,0.19538980824929908,0.9880835805580236,0.5488013567763501,0.3323048030619487,0.8772123698858706,0.6109624177399414,0.35078577059627203,1.0736844268856687,0.0029040284076715275,0.0026981663736464854,0.0031175567646034496,0.7848545068840762,0.3994425817768754,1.5216123341132382,0.21094317508998273,0.10735657377185792,0.2961793457999896,0.3904841577478813,0.010148617850071883,0.9590021638372287,0.4186819844045185,0.021504713018511826,0.8254099996444225,1.1495435514842338,0.5665594757815884,1.4867458664918023,0.3114543537255039,0.007489022781550684,0.9037792817707334,0.2129759949753528,0.1093080625411648,0.29819643457173045,0.3329759949753528,0.2293080625411648,0.4181964345717304,0.3329759949753528,0.2293080625411648,0.4181964345717304,0.9510795486355977,0.45049584556893746,1.947892212434164,1.686696989472429,0.8270348247488236,3.140534735117346,0.6450081123373856,0.23819274678337876,1.3942954369276277,0.49492552012853003,0.3517665437224696,0.6377473873817489,0.31579833643883637,0.18591975359327909,0.45292755552051844,0.1892761434326336,0.09088810106772698,0.31530894295093725,0.0033764216807415474,0.0022388336656219434,0.004674508014743405,0.0021538635174988994,0.0012206379870180995,0.0032209039738136085,0.0012914385412498117,5.896434889538414e-4,0.0022448129603692525,1.203301272716566e-4,2.877827585545139e-6,3.4973127247093675e-4,1.1512883656149513e-4,1.7336442393574493e-5,2.344799026207018e-4,4.033227321851891e-5,3.4766411540831327e-7,1.739456871646148e-4,0.6809282103832434,0.4090130795619982,0.7773773136885516,0.1927693809369692,0.11557889899575358,0.2200096441896181,0.12630240867978748,0.0026506779316786966,0.47543616399384064,1,1,1,0,0,0,0.12,0.12,0.12,0.85,0.85,0.85,0.85,0.85,0.85,0.7,0.7,0.7,0.99,0.99,0.99,0.5,0.5,0.5
Kerala,0.0010214944228768884,5.795558460012592e-4,0.0016094731013686291,0.06559717861034074,0.059974513404123665,0.07132495165292022,0.6966631289170772,0.3830171555014147,0.8009715007588611,0.6426281614565967,0.1522144682034199,0.9838066872519133,1.0191933292186082,0.5247958189294943,1.9253113379151623,8.390950530149514,1.5025508590306071,35.73042634628459,0.001068585958894544,0.0010028869336550878,0.0011305363718540485,4.215522631474171,1.1376629081989769,14.330737308744999,0.19938114693390832,0.10499892492981641,0.2953583153728611,0.40268458167355237,0.014080227783025149,0.9566378229227533,0.4290390239687216,0.02259834354930094,0.830182914203403,1.0584686511877777,0.38052281543840405,1.4764058175461783,0.40386808632362947,0.016318732553006213,0.9525345426835681,0.2001291571051345,0.10580469721807859,0.296119963834859,0.3201291571051345,0.22580469721807858,0.41611996383485905,0.3201291571051345,0.22580469721807858,0.41611996383485905,4.959199010153595,1.2628433195845483,17.019640793831144,9.641329106945683,1.408230871569168,41.94822225798714,2.790710318307269,0.23600713252563388,12.893763515369361,0.671065590693325,0.42790303865797147,0.8780024055782772,0.13558081420979623,0.019021925404119473,0.3422820903506535,0.19335359509687877,0.041673497719670716,0.41971875467101066,6.853636987523971e-4,3.363753885542838e-4,0.0011790958441322398,1.3900416614438194e-4,1.6482289926924607e-5,3.9279045752705277e-4,0.00019712655798010174,3.885180031402223e-5,4.772855379855178e-4,8.976774410191257e-5,3.6440949735137423e-6,2.1153495129841925e-4,6.611596126411955e-5,5.182441930801604e-6,1.69921151792417e-4,3.051694852387166e-5,2.6330171959134713e-7,1.4045991826687728e-4,0.6966631289170772,0.3830171555014147,0.8009715007588611,0.1704781171914361,0.0938836545676314,0.1964069717986482,0.13285875389148671,0.0032200339082210346,0.5230574107162311,1,1,1,0,0,0,0.12,0.12,0.12,0.85,0.85,0.85,0.85,0.85,0.85,0.7,0.7,0.7,0.99,0.99,0.99,0.5,0.5,0.5
Madhya Pradesh,0.0015050910913350698,0.001141434272950309,0.001927661155112024,0.03093239966417683,0.028535841616661707,0.033290927088527274,0.6573742837270484,0.5065725670596424,0.7206006022201816,0.7651971504643345,0.39300821329044944,0.9895249605045413,1.3582877536490934,1.0082676059010494,1.8339194487375965,6.998362754666902,3.7508946004637824,13.02644211749933,0.0053254757819759645,0.00516590702746396,0.005476667839194024,20.552307627347368,7.0938238585341065,54.18209501966637,0.1994743184078476,0.10360140766915835,0.2949365808545425,0.37629985987260806,0.011745732152702245,0.9512073935700072,0.42480059922399754,0.021719840423683287,0.8309178064840864,1.2601006231676546,0.8175218821179461,1.490697088863278,0.16857045109753557,0.0038856382584607115,0.6009659095320173,0.2032021514552308,0.10730441516715285,0.29866220745306793,0.3232021514552308,0.22730441516715283,0.4186622074530679,0.3232021514552308,0.22730441516715283,0.4186622074530679,23.69248349017981,7.94829486140776,61.6567023307104,5.497842267944967,2.755308818165556,10.691418262954777,0.43701707833955583,0.10870543686384998,1.0673030507229708,0.7805623399404596,0.6756917979231699,0.873738445831258,0.15671438019031297,0.08060711296329817,0.2499964122953962,0.06272327986922742,0.018349470199184727,0.13233399711112018,0.0011748296737124837,8.547686677325183e-4,0.001540979314745995,2.359751076841974e-4,1.1405255303324626e-4,3.99975602106044e-4,9.428630993838194e-5,2.7081532915034296e-5,2.084081281396375e-4,1.469151750664611e-4,3.3860288481427758e-6,5.235742921906706e-4,2.872805606025244e-4,1.34269231958178e-4,4.5454654369298626e-4,4.038033081786132e-5,5.754722682858439e-7,1.62107850756901e-4,0.6573742837270484,0.5065725670596424,0.7206006022201816,0.25220107642841166,0.1942114979519081,0.27657660799607503,0.09042463984453995,0.002927999135493966,0.29938841993980014,1,1,1,0,0,0,0.12,0.12,0.12,0.85,0.85,0.85,0.85,0.85,0.85,0.7,0.7,0.7,0.99,0.99,0.99,0.5,0.5,0.5
Maharashtra,0.0010403814975434343,7.50334156656013e-4,0.001361959363060244,0.0647591648986059,0.0628191653506101,0.06670056635334966,0.5396009257619447,0.3513843016388653,0.6102413051781078,0.7709171189236091,0.34198919111459924,0.9925827126702893,2.2813392685823404,1.5201578402371572,3.3933934793388936,6.322704038345461,3.316416499210779,12.274406269775092,0.006096976670496198,0.005953293474073671,0.0062316529691693896,6.066027252424519,3.1398899470448156,11.468365250513111,0.1978883319799948,0.10468987002930333,0.29508759945237145,0.3783670223292761,0.010309361790352356,0.9588192647345632,0.42255783418773535,0.016855312485365613,0.8312248538235834,1.2647599467934065,0.8511940174275568,1.4904352315935028,0.16031930505561595,0.007721915030332061,0.48448225863887723,0.20215621564934216,0.10891274639286594,0.2992955530439847,0.32215621564934216,0.22891274639286596,0.4192955530439847,0.32215621564934216,0.22891274639286596,0.4192955530439847,7.477416792497649,3.6790002643514588,14.930834830942143,3.0145033318389824,1.3466787839613164,6.062687234335673,1.0979558484184309,0.4022103481332383,2.4092861043062634,0.5761369651636477,0.4303239511088151,0.7144571328155401,0.2130137590897158,0.1091453019824331,0.3380986735121242,0.21084927574663662,0.10896504893323182,0.33404125193743456,5.993806410957002e-4,3.924340267132458e-4,8.501123719005988e-4,2.2163528257281975e-4,1.0262288643534376e-4,3.7834279633501333e-4,2.1936557387490285e-4,1.0588776115359175e-4,3.797097929154104e-4,1.5453073998161814e-4,7.437168401669232e-6,4.673939787317876e-4,3.116654257261505e-4,1.8203681150412074e-4,4.918545735867793e-4,4.207127808163745e-5,4.530772304705324e-7,1.8137162159833974e-4,0.5396009257619447,0.3513843016388653,0.6102413051781078,0.342269604869367,0.22199006975255964,0.38707098259144884,0.1181294693686883,0.002892279151460018,0.4267801390638801,1,1,1,0,0,0,0.12,0.12,0.12,0.85,0.85,0.85,0.85,0.85,0.85,0.7,0.7,0.7,0.99,0.99,0.99,0.5,0.5,0.5
Manipur,0.002158025593499632,0.0015461562405168921,0.0028820592488132697,0.09919157345006137,0.09701550126979687,0.09998236024032475,0.6432120424271746,0.3737796087588354,0.7533833706345732,0.6482276189661442,0.19260889321947372,0.985800847182093,0.5876512897716787,0.35995094406335987,0.9264126969702123,1.592124510822346,0.7538637339455205,3.3506518945862807,0.0017294122384719044,0.0014740624892478774,0.001998738565167628,1.358702363521923,0.6579087891697618,2.746282402724108,0.2019838551527654,0.10521279894772165,0.2951207455167667,0.43151054962743485,0.01292072958153841,0.9667165028120797,0.4297170176150463,0.021653108273930348,0.8298537342150789,0.9966730439504583,0.3369665987478237,1.476268797831881,0.4671155924312625,0.020242210704267117,0.9646156159427065,0.20319444371969572,0.10634508308049634,0.29637070434710305,0.32319444371969575,0.22634508308049633,0.416370704347103,0.32319444371969575,0.22634508308049633,0.416370704347103,1.6971264187830806,0.7774846599929687,3.760751390307361,3.300824679199008,1.3287662229564772,7.755538231354445,1.1242541369950594,0.3585681326543566,2.6756308642147486,0.5915542815610209,0.4334052780587954,0.7420938990566656,0.20640813496671157,0.08995828898446381,0.3484528756923405,0.20203758347226752,0.0942591059700395,0.33153508452396796,0.001277515877180616,8.088778461037252e-4,0.0018740839229161625,4.450218406930451e-4,1.8425895179207725e-4,7.946268059773042e-4,4.354878756259609e-4,1.9226234333472926e-4,7.82431453695779e-4,9.89945372832337e-5,4.300934100503389e-6,2.0490138370683975e-4,6.20202467680899e-5,3.6769762659129252e-6,1.8975659445754028e-4,4.1177539661841774e-5,3.644285308480357e-7,1.7610822689370553e-4,0.6432120424271746,0.3737796087588354,0.7533833706345732,0.20885569408239898,0.12104678497544735,0.24815756982518145,0.14793226349042643,0.0035111012285556063,0.5072976333710391,1,1,1,0,0,0,0.12,0.12,0.12,0.85,0.85,0.85,0.85,0.85,0.85,0.7,0.7,0.7,0.99,0.99,0.99,0.5,0.5,0.5
Meghalaya,0.002251941026122947,0.0015882269432052499,0.00303765881622411,0.09164033378462788,0.08050349934759775,0.09942769095510977,0.7730855434943693,0.4913829309317774,0.8629814224237583,0.62812479027963,0.15408388923185243,0.9813907108291384,1.006789007015526,0.6524984068021059,1.5555550820630328,2.8524711350641305,1.3759726067694311,5.831937924976475,0.001374009671976779,0.0011768031588598475,0.0015780050207394542,2.639098736053432,1.2665701118664177,5.353284320039344,0.20147829937342676,0.10556446768319462,0.29490606458027074,0.39839449623747025,0.008365424315981062,0.956787925260425,0.42777466487440774,0.023468659434800997,0.8312488801549429,1.0666530785714503,0.43763466393675887,1.479894610521928,0.39677520622675955,0.014501561004414033,0.9477016108793709,0.2024401061438105,0.10651133860458666,0.29594351858164397,0.32244010614381047,0.22651133860458667,0.415943518581644,0.32244010614381047,0.22651133860458667,0.415943518581644,3.3104863357450762,1.503806610507502,7.204927848942981,3.2248620094279006,1.375384872251047,6.9957602934495675,1.1269579927690656,0.3554391698078963,2.692666152033491,0.5882762395598935,0.43524647282497014,0.7326795311603354,0.20728981924979872,0.09593426113084419,0.3438249908630765,0.20443394119030775,0.09439066307330354,0.34110409053650337,0.0013247680319648065,8.430402609691282e-4,0.0018995297340054763,4.6712218804945604e-4,2.0168603897449626e-4,8.429901596625942e-4,4.6005080610867486e-4,2.0048465783695625e-4,8.348335131932657e-4,1.2656092234537722e-4,4.613578491671818e-6,3.028353124159533e-4,9.297304916565932e-5,7.881956585011023e-6,2.29014930755667e-4,4.244127130313741e-5,3.849552867956281e-7,1.7558731484041575e-4,0.7730855434943693,0.4913829309317774,0.8629814224237583,0.12093803448213533,0.07750501624048152,0.1371223437418586,0.10597642202349537,0.002566070882288369,0.43067013623511424,1,1,1,0,0,0,0.12,0.12,0.12,0.85,0.85,0.85,0.85,0.85,0.85,0.7,0.7,0.7,0.99,0.99,0.99,0.5,0.5,0.5
Nagaland,0.0023873061880983278,0.0017085489506200647,0.0031691038293738347,0.08860519398891818,0.0753130510285374,0.09894698481921153,0.7401353312421108,0.5034369768630522,0.8235114977100157,0.6804405506714282,0.21540105020887987,0.9863175518626951,1.271087658797845,0.8156552497622581,1.9470775080501372,3.7331052303509487,1.8401984768725703,7.556380989988503,0.001921000936928336,0.0016521069967384736,0.0022159357397516445,3.5318461230027838,1.7233169887103055,7.240893276949001,0.20051957509200335,0.10549175342950069,0.29563092648407724,0.3692022132446052,0.009241832021224406,0.9453175050232479,0.4219876145612432,0.02317324298459074,0.8254934524764688,1.174097949904579,0.6044288728698292,1.4861658928160109,0.27745902525289057,0.007825990584942205,0.8614702215860764,0.20186427574785318,0.10679144937846553,0.2969400346616316,0.3218642757478532,0.22679144937846551,0.41694003466163165,0.3218642757478532,0.22679144937846551,0.41694003466163165,4.051904321886022,1.8793047656071695,9.070100677395667,3.290668866826688,1.3859520758442936,7.194730274292645,1.1169534334564237,0.36996383180207176,2.6388063370990826,0.5926820306243701,0.44009692305271253,0.7439527136229349,0.20548317036726357,0.09697720740679747,0.33688671588662084,0.20183479900836634,0.09341965282045768,0.3381762157775808,0.0014157600826331374,8.937461808462347e-4,0.0020406630153096527,4.905071643132426e-4,2.1613218894270977e-4,8.686013796129427e-4,4.8103894115193854e-4,2.079614677283225e-4,8.587764966059828e-4,1.4408127242670785e-4,4.060078875192045e-6,4.4887230406602e-4,1.572897604324834e-4,3.029291880672397e-5,3.1265470181927456e-4,4.101169771527248e-5,4.531588847705072e-7,1.792401983907186e-4,0.7401353312421108,0.5034369768630522,0.8235114977100157,0.1579794042562902,0.10649622380532517,0.17818098340152733,0.10188526450159899,0.0024193522928178065,0.38750340274072864,1,1,1,0,0,0,0.12,0.12,0.12,0.85,0.85,0.85,0.85,0.85,0.85,0.7,0.7,0.7,0.99,0.99,0.99,0.5,0.5,0.5
Odisha,9.65940232736026e-4,6.66937632699897e-4,0.0013204765997308489,0.04480549498387544,0.0406947097074321,0.04883261544255836,0.8140876995248264,0.5316495122815387,0.8966963332962569,0.6069737622352075,0.12854209835496652,0.9836727632208903,1.298498089446354,0.8666654915448937,1.919513554077116,15.999378962804409,4.37634301392896,51.868472101983315,0.00652042244346704,0.006331001738089672,0.006701472799364569,7.629812089055071,3.032522323037053,18.732532393914724,0.201076559917913,0.1057176463518061,0.29531375642464935,0.3923589533362512,0.012686625424377563,0.9606428429764432,0.42775147934703633,0.02645427046822332,0.8254400490551539,1.0351262283166647,0.35968788491900217,1.4809964814554015,0.42960717426111833,0.015229560329111125,0.9626996325093596,0.20564085562833995,0.11025124098701432,0.2998296557468805,0.32564085562833994,0.23025124098701436,0.4198296557468805,0.32564085562833994,0.23025124098701436,0.4198296557468805,8.655708720599215,3.3286801519366547,21.715698764444383,13.17090350770201,3.2238803994881913,43.21588343331833,2.5077224981601574,0.39490131776956905,9.16870132890556,0.7670391098459655,0.6201410007764648,0.8901433773545916,0.08849870087396695,0.019105892992645496,0.20310309733398083,0.14446218928006763,0.05066949956715843,0.27659273016874925,7.413043914722197e-4,4.892830417480199e-4,0.0010560527851177246,8.530537843454986e-5,1.7714217082918597e-5,2.0377407844318876e-4,1.393304628292501e-4,4.675899564074198e-5,2.814166245950645e-4,7.574618807707841e-5,2.647944978288923e-6,1.6976883987074027e-4,5.238837007699671e-5,3.399048821301324e-6,1.3914978941913353e-4,2.9943511111600937e-5,2.9328770982256047e-7,1.35543881636468e-4,0.8140876995248264,0.5316495122815387,0.8966963332962569,0.09210746201482635,0.06019735644820655,0.10178030595524064,0.09380483846034725,0.0016850798225519369,0.4079293258601185,1,1,1,0,0,0,0.12,0.12,0.12,0.85,0.85,0.85,0.85,0.85,0.85,0.7,0.7,0.7,0.99,0.99,0.99,0.5,0.5,0.5
Punjab,0.002237552765352952,0.001434554531282833,0.0031819255899992764,0.054419650778405416,0.05056277657529515,0.05819207560879676,0.6594395482937935,0.3440638368567426,0.7584189337631874,0.6752858959250467,0.1662462351518092,0.9894119301705522,0.9711054704515506,0.6035710827292841,1.5742648962532964,7.939695577999739,2.0905801545089493,26.374279395490735,0.0013217431751751732,0.0012260420596067062,0.0014191016152466825,7.535844402751752,2.113272842663497,23.482642294192328,0.1995442732143546,0.10493101986724833,0.29412580299573704,0.39078665812056573,0.01105779568884067,0.9559403480400296,0.42519082881825027,0.022745184730859364,0.8286080204930495,1.082608756607749,0.466766107344294,1.4874611669993136,0.3968236777607686,0.015103557137180673,0.9426618637211495,0.20046949343697723,0.1058507904460018,0.2950530580635718,0.3204694934369772,0.22585079044600181,0.4150530580635718,0.3204694934369772,0.22585079044600181,0.4150530580635718,9.279345330418554,2.4230861023214376,32.028885815714105,9.046453658751451,2.140087370408837,32.21764242769671,1.4813887290995613,0.1723507014421946,6.0754835015364055,0.751823418695792,0.5587636933986306,0.900893233804941,0.12543595661919163,0.026583662546852543,0.2839661042749242,0.12274062468501645,0.028161346198118307,0.2742816679193686,0.001681503389429746,0.0010013969786916482,0.002509768437718211,2.8186507540302124e-4,5.5923124140008006e-5,6.984194406191878e-4,2.7418430052017636e-4,6.0067275301206195e-5,6.584968842236267e-4,2.6460090605672523e-4,1.005549476246515e-5,6.284683120956863e-4,1.951246154255184e-4,1.87315493069763e-5,0.00047765196038622334,7.181184719619722e-5,5.922716677707809e-7,3.116024473546668e-4,0.6594395482937935,0.3440638368567426,0.7584189337631874,0.2076889275544575,0.10867155314924094,0.2389458160589637,0.13287152415174905,0.0025582158333203944,0.5470057800907758,1,1,1,0,0,0,0.12,0.12,0.12,0.85,0.85,0.85,0.85,0.85,0.85,0.7,0.7,0.7,0.99,0.99,0.99,0.5,0.5,0.5
Rajasthan,0.003626185321879078,0.002740666718339047,0.004626181636551552,0.05944664185334552,0.057228494887389354,0.06164524634303869,0.5597550074574442,0.2899823377694452,0.6949923859086239,0.600938363057049,0.17567382938464834,0.9791380914527097,1.2580835747534544,0.8130288527579287,1.9406914510825322,3.656080551903443,1.8348644943979904,7.035666289287598,0.0017102059577056984,0.0016095345822890448,0.0018084538831154363,1.3940341414675468,0.8657148641667809,2.2603984323434463,0.19728082106272418,0.10418291208614125,0.29506836518719665,0.470020525672214,0.025803029994022803,0.9731623189013313,0.42981121182848603,0.020695610310417455,0.8340136558776604,0.8341800158277171,0.2605036859735533,1.4644801222262571,0.5951718301403481,0.05969914802073761,0.9839354410383828,0.19847796523311817,0.10536258528105989,0.2962766190019102,0.31847796523311817,0.2253625852810599,0.4162766190019102,0.31847796523311817,0.2253625852810599,0.4162766190019102,1.8110060718406804,1.0136865550834857,3.569758920914169,3.262818793525068,1.468457512794455,6.562166086137099,2.3010915573688933,1.0137790506773756,4.680418467122388,0.48764100163831947,0.3578606300081252,0.6116241374069676,0.16715047561393326,0.08515946172991946,0.27035812379633706,0.34520852274774727,0.23241253845691084,0.4665592117471284,0.0017686692008053824,0.0011769568845901438,0.002481431269458151,6.062582477186293e-4,2.8845140623186077e-4,0.0010456787079831356,0.0012512578733550616,7.80519425581904e-4,0.0018543506148196456,6.241239654682175e-4,6.25475916109725e-5,0.0010310119255512176,3.18389818605961e-4,1.0477056229920852e-5,0.0010592895059575822,2.509682111622169e-4,3.3030590553654833e-6,8.135710517772576e-4,0.5597550074574442,0.2899823377694452,0.6949923859086239,0.24064617341135325,0.1247321245944623,0.2987315306388267,0.1995988191312025,0.006384155751944023,0.5852753337120525,1,1,1,0,0,0,0.12,0.12,0.12,0.85,0.85,0.85,0.85,0.85,0.85,0.7,0.7,0.7,0.99,0.99,0.99,0.5,0.5,0.5
Tamil Nadu,0.003212093238937148,0.0025254553118049692,0.003988343373200435,0.09989115611322545,0.09960930066445756,0.09999723977736028,0.6749015538528089,0.501471479499533,0.7484249035573556,0.7300220798525121,0.3344057197901875,0.9900235688973522,1.0843674086639308,0.71159224687914,1.621670636797974,0.9592993108651056,0.6339188617505529,1.421149677170785,0.001696714337518159,0.0016124403188692697,0.001779844803509394,1.467886635393784,0.8753766631420681,2.4058784674257137,0.19994311508947873,0.10483119819172648,0.2939626002114917,0.38270612536321014,0.010269790229377811,0.9542184378722572,0.4281725031270496,0.022678790121244845,0.8246019034703757,1.2363642660515657,0.7435085713337888,1.4899893591395432,0.2021463293251198,0.007473564824670768,0.7099684879145651,0.20113081512574144,0.1060048960349563,0.2951156758858442,0.32113081512574143,0.2260048960349563,0.4151156758858442,0.32113081512574143,0.2260048960349563,0.4151156758858442,1.6670532044751163,0.9634326150192277,2.8333996567405095,1.1365356811299412,0.6309588982390648,1.8682480740802196,0.6017700839558003,0.2960930179835795,1.071777331956836,0.4091062394828942,0.2953817277254745,0.5265455209237511,0.3743423878210234,0.267796857430266,0.49046782820020407,0.21655137269608235,0.12915936942339484,0.32097625876733554,0.0013145204383999871,8.746418052975923e-4,0.0018496387596938701,0.0012025235740894433,7.922872156201921e-4,0.0016956225373951968,6.950492264477116e-4,3.9974232894518703e-4,0.0010800625735659444,9.985697100785489e-5,3.6909116461153767e-6,3.5099677658358505e-4,1.5154501143423445e-4,5.697481388859866e-5,2.6194355958597353e-4,2.760913101583329e-5,3.388937724365333e-7,1.1471351831253526e-4,0.6749015538528089,0.501471479499533,0.7484249035573556,0.22464166332509716,0.16690364285939246,0.24912002843033856,0.10045678282209397,0.0025001283035102893,0.3321753856880895,1,1,1,0,0,0,0.12,0.12,0.12,0.85,0.85,0.85,0.85,0.85,0.85,0.7,0.7,0.7,0.99,0.99,0.99,0.5,0.5,0.5
Telangana,0.00263468279090464,0.001841959402229018,0.0035561513919487686,2.8671231688470934e-4,9.009217343811376e-6,0.0010088268278069306,0.6107861563816019,0.36040381441888764,0.7005245092261223,0.7102754264446695,0.23812468504109185,0.987823584396441,1.8820328470882701,1.0949713724930998,3.272588951503961,2.5849439138943864,1.323387629073527,4.8641462461982234,0.0034550719660532358,0.003266482030708829,0.0036457897628875188,1.821080753170897,1.0105164678867606,3.258366279145414,0.19801700180222798,0.10394293629090952,0.2944686625010932,0.38424359424561394,0.010062064824265509,0.9570260646889889,0.42589902739202995,0.01862212300576484,0.832373262292037,1.1594462250205615,0.6091185714111237,1.4866336120842674,0.2884148840215943,0.011579808552638855,0.8446609023232782,0.20043555217846523,0.10631257748930056,0.2969019209205836,0.32043555217846525,0.22631257748930056,0.41690192092058365,0.32043555217846525,0.22631257748930056,0.41690192092058365,2.1440624464293,1.0968023992715528,4.528086349764193,1.6767400668918229,0.6869288775621116,3.5612514184702015,1.294719404903932,0.5114850813809697,2.7459891184475818,0.41016773510139803,0.25411209739581403,0.5731190267821705,0.2720176835117038,0.14457763828638298,0.4219018762205829,0.3178145813868982,0.18222599799364175,0.4727815919007912,0.0010802811170041585,5.95710220185174e-4,0.0016829801401193494,7.172310872307101e-4,3.4313370825796597e-4,0.0012275166985654437,8.371705866697621e-4,4.3199670016296474e-4,0.00136729628979827,2.655126502526383e-4,1.0687828062307369e-5,7.787861000148396e-4,2.957995562130382e-4,6.632729327321153e-5,5.755812964667091e-4,6.552440867692118e-5,6.670326324874105e-7,2.807055248358728e-4,0.6107861563816019,0.36040381441888764,0.7005245092261223,0.25781177956743223,0.1522938267201889,0.29595047370629163,0.13140206405096588,0.003629478121494619,0.4872925454999293,1,1,1,0,0,0,0.12,0.12,0.12,0.85,0.85,0.85,0.85,0.85,0.85,0.7,0.7,0.7,0.99,0.99,0.99,0.5,0.5,0.5
Uttar Pradesh,0.00429116911320371,0.003633899241305438,0.0049762478577801035,0.016057487563443315,0.014717356219172353,0.017414793644671307,0.5972230682330995,0.40103606986614776,0.6818989623484766,0.7159850241546805,0.3080126273167933,0.9862810448370409,0.7701262567911031,0.599541244129371,0.9890538195317368,2.0054129833217473,1.3795590417496004,2.916660513116581,0.00661574645915921,0.006372225684324113,0.006861475677702082,1.9134104644060483,1.2865695582063408,2.7812329484268146,0.20246016500713887,0.10538962049830848,0.29636509979535547,0.42631059389606657,0.014404666970396869,0.9519236227257322,0.4278000249661733,0.022116704490825017,0.8298283359771459,1.0108989196441593,0.4934138587304799,1.479134384314115,0.49523641690953996,0.037071968223224935,0.9547864787985239,0.20709118752855032,0.11000542413285283,0.30102960167850373,0.3270911875285503,0.2300054241328528,0.42102960167850373,0.3270911875285503,0.2300054241328528,0.42102960167850373,2.3491714228505067,1.491254166286438,3.7827126203807913,3.0519234889209965,2.048051015195853,4.5056083908045546,0.9293781410843018,0.5426564699635376,1.4905802118017504,0.6089568491169032,0.5336373022391858,0.6819209955655046,0.2057106291806488,0.14554776342280915,0.2712759344687456,0.18533252170244804,0.1300753723925364,0.24902690902390234,0.0026129162110668214,0.002117731069489221,0.0031449527313157145,8.82641594621899e-4,6.053076172734958e-4,0.0012107417845385014,7.956113075149823e-4,5.38420557002301e-4,0.0011183468300471917,4.963224886500431e-4,3.713052196565361e-5,9.566227746958911e-4,2.760690618744001e-4,2.4226277599135273e-5,7.163532319686065e-4,9.731179278418032e-5,1.0502079925756295e-6,3.5892972937798603e-4,0.5972230682330995,0.40103606986614776,0.6818989623484766,0.2748432565590393,0.18448903290238775,0.3138180075535585,0.1279336752078613,0.004363492839698709,0.4144770080252313,1,1,1,0,0,0,0.12,0.12,0.12,0.85,0.85,0.85,0.85,0.85,0.85,0.7,0.7,0.7,0.99,0.99,0.99,0.5,0.5,0.5
Uttarakhand,0.0029392391901702604,0.0018523682569561567,0.004253630675824396,0.03227299099144612,0.026432634667342348,0.03793010840450475,0.6374847401524901,0.3523302343950659,0.7642668204148025,0.6001424594887009,0.16378806544042,0.9778709955466918,1.1420983688461335,0.655955968206712,1.9822868138457335,13.895436843092003,2.5478102796955935,59.29291756280628,0.0013354540378518582,0.0012054278831952097,0.0014715009222189927,2.582728815658102,1.0846349187457718,6.08674089742104,0.1979922979390997,0.10487142156495234,0.292865128845054,0.4317788490993877,0.015137398284139065,0.9648488343445192,0.426572328341081,0.026719540205275966,0.8269163496931254,0.8901154622514712,0.23769811161471632,1.4639657136529458,0.5416956267312385,0.035291605245217635,0.9779995684744237,0.19892711576559602,0.10584257607078065,0.2938487477404313,0.318927115765596,0.22584257607078065,0.41384874774043123,0.318927115765596,0.22584257607078065,0.41384874774043123,3.247084960114935,1.253734412961757,8.157820942416866,13.717266551536392,2.113203641200834,61.13234158681861,5.653544539329946,0.7208052157945116,24.71018698023091,0.639573007097871,0.4286006990558455,0.8230698140869658,0.09287378906903443,0.011825891012929607,0.23717010736630406,0.26755320383309456,0.11298908515306251,0.4653355939298351,0.0018787136079263334,0.001054217758933124,0.0029256073363346713,2.728514876290209e-4,3.280462750478385e-5,7.526729698200745e-4,7.876740946148991e-4,2.870395357792295e-4,0.0015346920202912563,4.1566445963457064e-4,2.696406466095413e-5,7.50851309142807e-4,2.4251568728561306e-4,9.089582298748113e-6,7.833012089107615e-4,1.842338184173277e-4,1.9885087649129373e-6,7.061253021622239e-4,0.6374847401524901,0.3523302343950659,0.7642668204148025,0.19241092112902997,0.10608898825765585,0.23061853573854568,0.17010433871847994,0.005195677112744196,0.5416013119281216,1,1,1,0,0,0,0.12,0.12,0.12,0.85,0.85,0.85,0.85,0.85,0.85,0.7,0.7,0.7,0.99,0.99,0.99,0.5,0.5,0.5
West Bengal,0.0020116674618387304,0.001378286842012334,0.002730930449593641,0.08229309336710741,0.07950798825000001,0.08514187429149384,0.7262438278405915,0.4550491050386666,0.814619089995251,0.6716836942798567,0.18760421777229647,0.9890141212674008,0.6404483426804166,0.4118304324874878,0.9701180414525112,3.2226503225960332,1.2660988176982586,7.8293305508724425,0.0018429683142092085,0.0017527365089068298,0.0019304505084681756,4.1451831561943795,1.421330469864102,11.746586031122435,0.20080774054187928,0.10466502370148589,0.2961380431620446,0.4011346962100239,0.012856770225511517,0.966188453323978,0.4252494913363865,0.025270346353109166,0.8269643382289056,1.0740529904531484,0.43237442675045856,1.4847341357815282,0.39483165484272176,0.015204834853261172,0.9593968350000001,0.20209781813322572,0.10593686281445687,0.29741755739865544,0.32209781813322574,0.22593686281445688,0.4174175573986555,0.32209781813322574,0.22593686281445688,0.4174175573986555,4.94982431823776,1.6016796927683137,14.510695042534795,5.73220099832825,1.99355295,14.466491705001003,0.96449983853538,0.17648032264447766,2.839118607430497,0.7220283941989966,0.565900149981835,0.8583232639887768,0.15625774147848706,0.055837902404580246,0.2973565891334672,0.12171386460751638,0.033962075587079074,0.24736793810465932,0.0014522781656605523,9.389873851295748e-4,0.0020890675811383276,3.146153835423191e-4,1.037969368559205e-4,6.461902445406045e-4,2.447739156058525e-4,6.448417231749465e-5,5.311152304875482e-4,9.529479846483337e-5,3.6717482128267015e-6,2.317438472558065e-4,7.017094422558466e-5,4.822906518922629e-6,1.7372265253369726e-4,3.1916922893427645e-5,2.9120267926944514e-7,1.39232740069157e-4,0.7262438278405915,0.4550491050386666,0.814619089995251,0.1636022525887203,0.10234626795436909,0.1836033295171338,0.11015391959339073,0.00204200537470576,0.4428182008054386,1,1,1,0,0,0,0.12,0.12,0.12,0.85,0.85,0.85,0.85,0.85,0.85,0.7,0.7,0.7,0.99,0.99,0.99,0.5,0.5,0.5
