State,prv0_m,prv0_l,prv0_u,adr_m,adr_l,adr_u,p_pub_m,p_pub_l,p_pub_u,p_ppm_m,p_ppm_l,p_ppm_u,r_sym_m,r_sym_l,r_sym_u,r_aware_m,r_aware_l,r_aware_u,r_acf_m,r_acf_l,r_acf_u,r_det_all_m,r_det_all_l,r_det_all_u,r_sc_m,r_sc_l,r_sc_u,txi_pri_m,txi_pri_l,txi_pri_u,ppv_pri_m,ppv_pri_l,ppv_pri_u,dur_pri_m,dur_pri_l,dur_pri_u,p_pri_on_pub_m,p_pri_on_pub_l,p_pri_on_pub_u,ra_m,ra_l,ra_u,rs_m,rs_l,rs_u,rc_m,rc_l,rc_u,r_det_m,r_det_l,r_det_u,a0_m,a0_l,a0_u,c0_m,c0_l,c0_u,pr_a_m,pr_a_l,pr_a_u,pr_s_m,pr_s_l,pr_s_u,pr_c_m,pr_c_l,pr_c_u,prv_a_m,prv_a_l,prv_a_u,prv_s_m,prv_s_l,prv_s_u,prv_c_m,prv_c_l,prv_c_u,prv_t_eu_m,prv_t_eu_l,prv_t_eu_u,prv_t_ei_m,prv_t_ei_l,prv_t_ei_u,prv_t_pri_m,prv_t_pri_l,prv_t_pri_u,det_pub_m,det_pub_l,det_pub_u,det_eng_m,det_eng_l,det_eng_u,det_pri_m,det_pri_l,det_pri_u,prv_t_pub_m,prv_t_pub_l,prv_t_pub_u,scale_dur_m,scale_dur_l,scale_dur_u,r_death_a_m,r_death_a_l,r_death_a_u,r_death_s_m,r_death_s_l,r_death_s_u,ppv_pub_m,ppv_pub_l,ppv_pub_u,ppv_eng_m,ppv_eng_l,ppv_eng_u,sens_acf_m,sens_acf_l,sens_acf_u,spec_acf_m,spec_acf_l,spec_acf_u,dur_pub_m,dur_pub_l,dur_pub_u
India,0.0023860860053000286,0.0022589581102500232,0.002528454371963184,0.045506334825990175,0.044926938384896954,0.04610989152464093,0.627825570047724,0.430881222286225,0.7082391032193143,0.7217104068708511,0.3079198410075903,0.9876543570544836,0.9929283813629748,0.8833359676743808,1.1248185485464162,2.8152972017855267,2.4310353488118532,3.3151943674022704,0.0037688720596195176,0.003732798722594854,0.0038024539314086116,3.1386506025171634,2.6615674717924938,3.706041838700862,0.1990951685417811,0.10505645574871485,0.29577817102101833,0.4473359814861625,0.020153355531718067,0.9614507470981051,0.5365130451086071,0.14876915873808788,0.8412509263928376,1.0299296852682402,0.6974518882569366,1.4752795882615304,0.29265787280656425,0.18347682361258702,0.3996680975111964,0.2017333789835148,0.10765774827044199,0.29842733854550113,0.3217333789835148,0.22765774827044197,0.4184273385455012,0.3217333789835148,0.22765774827044197,0.4184273385455012,3.7325732608495286,2.9519609710163945,5.3329002945797415,3.118773643947126,2.7020094024137946,3.615990494114473,0.8280140478750906,0.6933341261983667,1.002193911284807,0.6299140919771122,0.6013015881954619,0.6573829265723623,0.2028338078194659,0.17978071835447515,0.22542690416262495,0.16725210020342185,0.14769071437284942,0.18859940283016308,0.0015030218819468864,0.0013975682980270493,0.0016159438288834197,4.8396550129880975e-4,4.2489254122562227e-4,5.485957837156148e-4,3.9909862205432306e-4,3.47057782239895e-4,4.5766014860318356e-4,2.2006052914124704e-4,1.379697075065965e-4,3.0039563599962277e-4,2.6496320085606366e-4,1.637504137454615e-4,3.720590296185445e-4,9.681508672462588e-5,2.490229933895164e-6,1.989296767396835e-4,0.627825570047724,0.430881222286225,0.7082391032193143,0.2554111189366127,0.17524286152403207,0.2880998170211936,0.11676331101566331,0.0036015734384878227,0.3938759161897432,5.376865951937056e-4,5.37270020710682e-4,5.381043176944939e-4,1,1,1,0,0,0,0.12,0.12,0.12,0.85,0.85,0.85,0.85,0.85,0.85,0.7,0.7,0.7,0.99,0.99,0.99,0.5,0.5,0.5
Andhra Pradesh,0.002215901852776771,0.0016125801338888058,0.0029393778637505637,0.06526519161672871,0.06227821227691791,0.06845545214606887,0.6656922294443051,0.45090786327657284,0.7274497796702806,0.7838837920989766,0.3069260434878822,0.9947393708443605,1.2659748682789063,0.84741689081919,1.840522769279473,2.83900287300344,1.5683235488226634,5.151266096702303,0.003793221628223933,0.003610791551813348,0.003957075841950805,3.6433082462803053,1.8162503618319745,7.022808852939272,0.19888327778639908,0.1047660628931447,0.29395620179227666,0.3259886885053133,0.005235883937961191,0.9421198006281563,0.5412817995413995,0.14141752526110726,0.8370768507191957,1.235300601757236,0.6640681336845049,1.4919303488591202,0.5088077458701746,0.22446540161544584,0.8769911363156503,0.2015385329261558,0.1073926251713308,0.29652099501513834,0.3215385329261558,0.2273926251713308,0.4165209950151383,0.3215385329261558,0.2273926251713308,0.4165209950151383,4.059771667175977,1.9494837066668118,8.443192352686077,2.5515137444141343,1.2399002898822886,4.883570827138183,0.8135229536153583,0.291354495529997,1.7728668990995176,0.572733087984187,0.43756824428744717,0.7060680031405163,0.24507287625322527,0.13471213729871545,0.37313030398018865,0.18219403576258772,0.09088051597380128,0.2995445651073301,0.0012693768842002705,8.518859721611167e-4,0.0018136365436746454,5.433356753413364e-4,2.7591664627891826e-4,8.980865664132669e-4,4.031892932351545e-4,1.870949160354825e-4,7.135305666407452e-4,4.0597039139523915e-4,1.7959994686904e-4,6.988604962615755e-4,1.4932465188707925e-4,5.130651716911124e-5,2.1382355016591974e-4,3.103182747017924e-5,4.28407819985472e-7,1.2138711059579302e-4,0.6656922294443051,0.45090786327657284,0.7274497796702806,0.24791473906358058,0.16806322902541956,0.2712004401803405,0.08639303149211433,0.0014384731990979786,0.38056148988217453,5.900618919371866e-4,5.87768170694099e-4,5.92351056602161e-4,1,1,1,0,0,0,0.12,0.12,0.12,0.85,0.85,0.85,0.85,0.85,0.85,0.7,0.7,0.7,0.99,0.99,0.99,0.5,0.5,0.5
Arunachal Pradesh,0.0023158160248439087,0.0016533120291413288,0.003129976782352745,0.09366830265215409,0.08155670835377932,0.09976453646392937,0.890558459449195,0.6013047699314881,0.9888831866221648,0.0999917842963572,0.007409275530279432,0.45145724542024435,1.3258735703573488,0.8545681593745319,1.9975204777686337,3.917025053321085,1.8606456426732811,7.9100957745214115,0.0029577552569843854,0.0025409151641140955,0.0033821779046617493,3.6363174396361964,1.8181009092913736,7.333672940215738,0.19850506101794904,0.10441370633859627,0.2956735029064587,0.5353375093862913,0.06672118400290021,0.9796395570926713,0.4614626642808573,0.11604958216643395,0.833521958162107,0.7201585581695317,0.0744673009117352,1.4567805819054338,0.47927066591334977,0.016282085743318655,0.970361910406788,0.20057548969783812,0.10654876724962643,0.29779091509884714,0.3205754896978381,0.22654876724962641,0.4177909150988471,0.3205754896978381,0.22654876724962641,0.4177909150988471,4.203223115392007,1.9835020110867179,8.789991894207645,3.294768573020463,1.3502608233115716,7.314521391568837,1.1428958809859946,0.3534003690928849,2.7510679926844963,0.5901830853953767,0.4354056937424897,0.7351858226359121,0.2048467323979344,0.09501383761597967,0.34146723695225734,0.20497018220668894,0.0973838595490739,0.3365943917947919,0.001367631164843429,8.589864055988246e-4,0.0019977110939709748,4.74284301144618e-4,2.0565946938599024e-4,8.634703376331014e-4,4.7390055885585214e-4,2.0839953587632398e-4,8.325618701052698e-4,7.349036957118555e-6,2.440479008852785e-7,1.6213473374955197e-5,1.099942793072265e-5,2.7340925509051855e-7,6.267743712784027e-5,2.1126006345427892e-4,1.3404609657701e-4,2.8198342601993176e-4,0.890558459449195,0.6013047699314881,0.9888831866221648,0.00451636290543236,0.0028090147092250627,0.0059762324262257575,0.10492517764537268,0.006226864015362485,0.39602667407973285,9.036388833559389e-4,8.875833930825752e-4,9.203306269301392e-4,1,1,1,0,0,0,0.12,0.12,0.12,0.85,0.85,0.85,0.85,0.85,0.85,0.7,0.7,0.7,0.99,0.99,0.99,0.5,0.5,0.5
Assam,0.0026671945001452094,0.0019001410164730971,0.0035528617141698466,0.0804050228272732,0.07583335425381653,0.08461753112565484,0.7340931802187235,0.4650658377141013,0.843483552896198,0.576929942572216,0.15674179937402782,0.9714031786302578,0.7973338530931524,0.5118916746584876,1.21667507508321,2.252751795075343,1.0497574007664425,4.667935251861227,6.623728830947555e-4,6.110679220620997e-4,7.152799814966062e-4,2.01528454739831,0.9689480892206852,4.08312733722003,0.19962962113504779,0.1052615740568955,0.2946857005107072,0.44460961732494797,0.022209642720705143,0.9636101432496031,0.5043706904982671,0.12842100948691101,0.8330607877316327,0.8851650788960714,0.32472600793192263,1.4667242936948588,0.2851198337606445,0.011846514375115493,0.8293533571653778,0.20009328215321412,0.10572761931869658,0.2951474968397634,0.32009328215321414,0.2257276193186966,0.4151474968397634,0.32009328215321414,0.2257276193186966,0.4151474968397634,2.4488964576145467,1.1102853408361162,5.40460864015179,3.309909833268672,1.364771253149453,7.1739203444775885,1.1283263568509336,0.3501619324203428,2.6804491427903923,0.5926509219412861,0.4381208766374477,0.7344849317668188,0.2055484350831537,0.09609231596749898,0.3488776081642885,0.20180064297556016,0.09432935747037047,0.3406722071021486,0.0015803365080161761,0.0010131084363500307,0.0022823738581640497,5.483631834224082e-4,2.30767278865406e-4,9.959652939914056e-4,5.384948087066164e-4,2.3182532569793125e-4,9.606891763520857e-4,7.411320619158194e-5,3.090858409832713e-6,2.1528944603156551e-4,1.1707644305691821e-4,2.605469341369712e-5,2.3803753034938875e-4,1.033471900413374e-4,3.279961185316512e-6,2.1397640384325552e-4,0.7340931802187235,0.4650658377141013,0.843483552896198,0.1321464245918883,0.0836426659095194,0.1519100524090513,0.1337603951893882,0.004477375280014011,0.4517466715602394,4.810241546378112e-4,4.7848413809923875e-4,4.8359987697581426e-4,1,1,1,0,0,0,0.12,0.12,0.12,0.85,0.85,0.85,0.85,0.85,0.85,0.7,0.7,0.7,0.99,0.99,0.99,0.5,0.5,0.5
Bihar,0.0027998170894814197,0.002180265271826242,0.0035254699419881874,4.565017722420185e-5,8.816133682980104e-7,1.6744447854030877e-4,0.40833985580405935,0.1992682802990513,0.5306409155689908,0.5916788405095084,0.20355857476203998,0.9232189314019258,0.7580041191621809,0.5259467462764008,1.091660478840536,1.4012610931198348,0.8306706367341946,2.360572659206785,0.0015207201509433083,0.0014482185973687155,0.0015869511353253834,2.6744345329410466,1.3081854893665568,5.432861826916974,0.20224839365041863,0.10608849143473581,0.2942176271280383,0.5105516887272334,0.05541672259119199,0.9686044882246959,0.4842718181857248,0.12380316219685499,0.8293542203576783,0.7822321178686734,0.12809135685514492,1.45846367446322,0.9427879594442197,0.8048361757216445,0.998291059597875,0.20331289775607897,0.10713203741214063,0.2952323722535287,0.32331289775607897,0.22713203741214064,0.4152323722535287,0.32331289775607897,0.22713203741214064,0.4152323722535287,3.505771701641877,1.5273597011893703,8.15416895002554,2.3573338952688943,1.2925669306912795,4.017822695084773,0.5225473835468348,0.19882289936354566,1.0841279380686542,0.5984725091143471,0.4817714330858595,0.710383631658832,0.26920404082343047,0.16926757686819685,0.3833160658797547,0.13232345006222243,0.06148821539849556,0.22261362215614897,0.0016756194189757303,0.0011918455294204844,0.0022470273484850177,7.535994092118752e-4,4.371358601735235e-4,0.001141920170081174,3.705982612938057e-4,1.61761777386711e-4,6.432191898054298e-4,7.767391427586979e-4,6.632011381796513e-4,8.226480664081308e-4,4.542958339155772e-5,7.927654528802157e-7,2.46434639046301e-4,3.4432880377145106e-4,1.4113295140063826e-4,4.502236752885317e-4,0.40833985580405935,0.1992682802990513,0.5306409155689908,0.33409310485867727,0.16280495335697182,0.4338773260249417,0.2575670393372634,0.03603786529776822,0.6369895747209703,2.4108089058872144e-4,2.4015233919066824e-4,2.4202321435480022e-4,1,1,1,0,0,0,0.12,0.12,0.12,0.85,0.85,0.85,0.85,0.85,0.85,0.7,0.7,0.7,0.99,0.99,0.99,0.5,0.5,0.5
Chandigarh,0.002303243927105422,0.001500910244163433,0.003267158253416306,0.09796454239389894,0.09315342446752398,0.09994591908703242,0.8317988592166573,0.568633389699785,0.9131681521696156,0.5559782030928225,0.1200761537824639,0.9561536382228646,1.3779763855100724,0.8569770220828943,2.1475746675555833,11.271397082896097,3.247208008156701,37.11202521648309,0.0018963041984354993,0.0014840182356969677,0.0023638905431979315,11.298677484640248,3.140866593225967,36.53649179184191,0.199025986231521,0.10507413484350012,0.29573979554046764,0.4127973109746016,0.024855249733186847,0.9553649148425309,0.5127772177088457,0.13316843879564022,0.837407080268761,0.8703418495241576,0.23983226939731397,1.4667869238971434,0.45781701560591476,0.024005622072751608,0.9639165972827154,0.20035339917042588,0.10646695711084293,0.29703910923700627,0.3203533991704259,0.22646695711084291,0.41703910923700627,0.3203533991704259,0.22646695711084291,0.41703910923700627,18.15657884924196,4.790747099160355,60.25256194716079,8.886967083853904,2.1932265202838104,29.51456993324678,1.448804547545457,0.16974067427757772,5.81694945438875,0.7539400078394178,0.5719293190728199,0.8958370666149886,0.12415761284545959,0.027539220149193057,0.2769497847327876,0.12190237931512263,0.027657309232209076,0.2681095584701056,0.0017363213945268436,0.001062099691134274,0.002596713570302605,2.854320778447937e-4,5.946865888506117e-5,6.730116997266722e-4,2.814904547337762e-4,5.953884805174558e-5,6.810824119333713e-4,9.234553970431986e-5,4.793350157466178e-6,1.9403299317971053e-4,7.513100381990793e-5,3.89301634331084e-6,2.126563430102901e-4,1.5687626607439182e-4,1.970465415320805e-5,2.585121003789065e-4,0.8317988592166573,0.568633389699785,0.9131681521696156,0.07591391236823297,0.05178326248746195,0.08561872271570782,0.09228722841510978,0.0038526351341519353,0.37683199199955236,0.0012292806039485402,0.0012067720498245592,0.0012509406079401853,1,1,1,0,0,0,0.12,0.12,0.12,0.85,0.85,0.85,0.85,0.85,0.85,0.7,0.7,0.7,0.99,0.99,0.99,0.5,0.5,0.5
Chhatisgarh,0.0023378660858559444,0.001681466541660124,0.003148569207574664,0.09989200736648235,0.09961002724734101,0.09999688739991673,0.6442201227167582,0.4417343703074681,0.7152784557126179,0.7545795850441259,0.3126432456351854,0.9929083375230264,0.570553042769149,0.3996498277796068,0.8054733825363845,4.840134879950498,1.848630552046125,12.07451598990977,0.003079726065998432,0.0029013401800879407,0.0032408518004206402,9.388756170347575,2.505156481785032,30.354928747841747,0.2007367751191186,0.10566131115962467,0.2947833797339303,0.3635494336206679,0.009972655758755337,0.9433421900531793,0.534235812322144,0.14730303544317216,0.8361429153845524,1.2106828265557767,0.6858059031184324,1.488630806082606,0.2698930085607156,0.00933832205188599,0.7965717468702722,0.2028925833653175,0.10795056032333632,0.2969644420548569,0.3228925833653175,0.22795056032333633,0.41696444205485683,0.3228925833653175,0.22795056032333633,0.41696444205485683,11.077639123457503,2.856644417845168,37.52594643809823,9.232846599900988,3.262894381573767,23.884737796698086,0.755671860733173,0.10525653902280899,2.5816177609307998,0.820805777564711,0.6918689440139648,0.9213141130303986,0.1120588115546949,0.03711020645450117,0.21922067884841628,0.06713541088059415,0.013996944632866163,0.16005547321955968,0.0019192556451903906,0.001330580286397833,0.0026342575630840842,2.618723560069925e-4,8.324593712598362e-5,5.391081512310783e-4,1.5673808465855395e-4,3.18703167097139e-5,3.86229564298591e-4,1.4272941298723514e-4,4.929447688183895e-6,4.2180868504255304e-4,1.4834433240261505e-4,5.27605045107428e-5,2.15761867642937e-4,3.880018330291885e-5,4.684473788500248e-7,1.3491775066397005e-4,0.6442201227167582,0.4417343703074681,0.7152784557126179,0.25436077674793084,0.17409951876974342,0.2827224822799511,0.10141910053531093,0.0020229972950536828,0.38440617550734407,4.5523122351892424e-4,4.525212172320745e-4,4.5806346413728127e-4,1,1,1,0,0,0,0.12,0.12,0.12,0.85,0.85,0.85,0.85,0.85,0.85,0.7,0.7,0.7,0.99,0.99,0.99,0.5,0.5,0.5
Delhi,0.004048679672048719,0.002799055624318408,0.005570952155050374,0.02509028227569763,0.022269244406046065,0.027955219844055988,0.6235468613551135,0.3624510528926919,0.7354311831101583,0.6330266459997914,0.199210676857749,0.9722471676322505,1.4121534947193168,0.9204800996987623,2.1920785978163444,4.888781130503824,2.2048382721539777,10.87477568322249,0.0017256300763426522,0.0015695744022220294,0.0018746365526366231,7.017630767348592,2.717707465942533,18.199750988904412,0.19975276499255495,0.105031878179698,0.294321278365851,0.4424777342342127,0.02383221517658174,0.9621838401894827,0.5018906141308075,0.13460911620109417,0.8342948212790166,0.8503242413540931,0.38846737299104406,1.4590416706783826,0.12945462941478142,0.003933994279972849,0.4587236113778074,0.2009607060459948,0.10618793031984385,0.2955283652694249,0.3209607060459948,0.22618793031984383,0.4155283652694249,0.3209607060459948,0.22618793031984383,0.4155283652694249,10.749407689949654,3.880516294507066,28.67033945115356,3.8769409739347873,1.5383410816509406,8.814065602853773,0.8258897328690574,0.2017502057194516,2.236504545002169,0.6596191810515996,0.49590135946012787,0.8011142061543504,0.19965744958949266,0.08685800895314787,0.3447403504618609,0.14072336935890775,0.04845989327966818,0.26657364627066826,0.002669596730222579,0.0016786428315011274,0.00384274734802083,8.087888220795657e-4,3.13985475864994e-4,0.0014918348762706273,5.702941197465666e-4,1.8167185715252078e-4,0.001164109035012021,1.8159555461227817e-4,5.517035544585516e-6,6.462167587995287e-4,8.16292124273493e-4,3.625520502252322e-4,0.0015160132731746562,5.905452607438088e-4,2.4498142496812633e-5,0.001232345464635637,0.6235468613551135,0.3624510528926919,0.7354311831101583,0.21817146989804825,0.12684629100603073,0.25736130794297274,0.15828166874683822,0.0073580255641894,0.5105424001435885,0.0013902741577838916,0.0013851638964609743,0.001395390233036578,1,1,1,0,0,0,0.12,0.12,0.12,0.85,0.85,0.85,0.85,0.85,0.85,0.7,0.7,0.7,0.99,0.99,0.99,0.5,0.5,0.5
Gujarat,0.001510290516357077,0.0010370771939036535,0.002063538706097287,0.06192677668135478,0.05959517584797113,0.06419940455933336,0.6078572785154004,0.4164702663521153,0.6568205457121609,0.8329664309131919,0.37088656222856514,0.9962671524591816,1.588287152532581,1.0570829842467098,2.397627617179924,16.196853042129465,4.7104670270478515,53.58409869561591,0.00443450556730974,0.0042654185664811085,0.004591710331633306,10.497232314824943,3.612924940938929,28.98326427714732,0.20097182495168717,0.10525927527590567,0.29476935919361974,0.28910659920631715,0.003830018662144968,0.9338810759594436,0.5423660309774406,0.1425530152573109,0.8377293027014503,1.39454649342983,1.1683182449858622,1.496106107637758,0.15168941316700393,0.010080344776358493,0.38126576753693575,0.204075978848804,0.1083189880918681,0.29787574505484116,0.32407597884880396,0.22831898809186812,0.4178757450548412,0.32407597884880396,0.22831898809186812,0.4178757450548412,11.849389283535565,3.9115076480340796,33.40958526651518,10.943578039087022,2.777239373690291,36.63889271091522,1.9868838830624536,0.28523992192449105,7.607821670667889,0.7590828702944373,0.5863419000923239,0.8906413635794561,0.10253123700245224,0.022310384855553388,0.22891579690623418,0.1383858927031104,0.039943889496765,0.2861263337355008,0.0011468682238687173,7.304610738230958e-4,0.0016369791689205266,1.5456512391982753e-4,3.208100027295183e-5,3.612010507103294e-4,2.0885716856852376e-4,5.6557685985102795e-5,4.56863985076065e-4,1.9407379878034366e-4,1.2925657357374322e-5,4.886384268168568e-4,3.672793274496575e-4,2.7775602116451295e-4,4.3999593091837054e-4,2.2625172197809442e-5,3.830618364666433e-7,8.337138898866738e-5,0.6078572785154004,0.4164702663521153,0.6568205457121609,0.31632484202251276,0.2164191047151069,0.34197678846638274,0.07581787946208687,0.0012798369083229506,0.3671081415656019,6.731454327893738e-4,6.709210951389268e-4,6.7526571610901e-4,1,1,1,0,0,0,0.12,0.12,0.12,0.85,0.85,0.85,0.85,0.85,0.85,0.7,0.7,0.7,0.99,0.99,0.99,0.5,0.5,0.5
Haryana,0.004085155206046936,0.002485993501239111,0.005871742942926333,0.015679139016084476,0.012260622679415932,0.019028029656976135,0.6347278755793077,0.4175845370323519,0.7042019797706088,0.7608487338849055,0.3001484816086467,0.9903647018221455,0.9454866413178094,0.5392694684738991,1.6360228796282745,2.111858538388962,0.9037225242069565,4.797114768260173,0.001740628466458829,0.0015677100801099642,0.0019167756710013293,9.781161678599267,1.8790752423504387,39.3839107133476,0.20068172807080156,0.10537150080561579,0.2953526049330128,0.35113229670332674,0.008267628485543252,0.9498052763857971,0.5345924191412236,0.14573120910165496,0.8366192410050445,1.1962929775340707,0.5975630888110605,1.4873326486402527,0.2794827524899693,0.011123703103748427,0.7813155558411746,0.20190016799732274,0.10658063312672325,0.29660050951233763,0.32190016799732274,0.22658063312672228,0.4166005095123376,0.32190016799732274,0.22658063312672228,0.4166005095123376,11.814685789836192,2.2150657699110177,48.748854856976386,2.8212952512997105,0.9422267678546901,7.132735148601794,0.38667991621556347,0.03924885268525629,1.3262769929227718,0.6398581465832494,0.43199482426296887,0.8194383376230076,0.2721617767815133,0.11121978720542537,0.47386257695519585,0.08798007663523731,0.012818037134334145,0.2285957227207801,0.0026139007810868386,0.0014107134190299525,0.00413141486496211,0.0011125939321965626,4.0146479672546477e-4,0.002162356178030659,0.00035866049276352813,4.621220064015564e-5,9.771918429168605e-4,3.256149705244601e-4,1.2918057736827937e-5,9.137140402287398e-4,3.4799012318732585e-4,1.38505691926083e-4,4.79974340719791e-4,8.144914932543903e-5,1.5384247388023118e-6,2.9471461461306125e-4,0.6347278755793077,0.4175845370323519,0.7042019797706088,0.2640653455598712,0.17430157507524213,0.29312332530710444,0.1012067788608211,0.002842323700688135,0.40760439873427695,7.778907699637832e-4,7.746342820970293e-4,7.81363862215601e-4,1,1,1,0,0,0,0.12,0.12,0.12,0.85,0.85,0.85,0.85,0.85,0.85,0.7,0.7,0.7,0.99,0.99,0.99,0.5,0.5,0.5
Himachal Pradesh,0.0017833737193329673,0.001103645875279221,0.0026181965504042943,0.08549335461494093,0.07816219460866917,0.0926507751331329,0.8261066373808871,0.5493117221940053,0.9089294255724994,0.5621444176776759,0.1171454548241746,0.9585148087873946,1.6429620623112893,0.9496864596599859,2.7904018440064133,22.077403496917505,3.6975775282724173,86.9927949421264,0.010989820116531613,0.010332379501839652,0.01161270133289385,4.01507676260412,1.7234540090991892,9.158497588051812,0.20120093816008067,0.1057882709073611,0.2941722199838834,0.42020691753934347,0.020580872809565928,0.9632009823039361,0.5122070431916681,0.13120990676605093,0.8355910104433553,0.8910301852384181,0.24064087831755213,1.4661099533043942,0.7272287945931502,0.24437672882585793,0.9892396485481552,0.2088938122416528,0.1135423597214935,0.3018924591044603,0.3288938122416528,0.23354235972149348,0.42189245910446027,0.3288938122416528,0.23354235972149348,0.42189245910446027,4.621877466103984,1.8819137052821189,11.059783017705646,15.04467532807228,2.165718385965949,61.65197057225431,6.202953277690649,0.7311526775986842,26.181480059857314,0.6420824861892208,0.4424997284271682,0.8245652950574943,0.09088591819433278,0.011164290854052782,0.23882464785170704,0.26703159561644635,0.11155239040869927,0.4651741404702621,0.0011449328688075907,6.289727547988365e-4,0.0018318851626519955,1.6199687237404735e-4,1.967911859430068e-5,4.56359844773672e-4,4.764439781513205e-4,1.7520229398857828e-4,9.304116910059211e-4,2.1703243779996032e-4,7.187102138882469e-5,2.9567474203207023e-4,5.056319841060611e-5,1.8885219334004165e-6,1.4796559434069177e-4,9.108644773830433e-5,7.409047530307784e-6,1.7843557841764102e-4,0.8261066373808871,0.5493117221940053,0.9089294255724994,0.0792259748701509,0.052513043155260904,0.08788845829705529,0.09466738774896208,0.0038108677702176617,0.39839491243568687,9.328345072004396e-4,9.253721328342338e-4,9.40586445073254e-4,1,1,1,0,0,0,0.12,0.12,0.12,0.85,0.85,0.85,0.85,0.85,0.85,0.7,0.7,0.7,0.99,0.99,0.99,0.5,0.5,0.5
Jammu & Kashmir,0.0017855486458842858,0.0011363242348015519,0.0026290460510639702,0.09791896537109032,0.09327614212963296,0.09995160745809224,0.7441630540287204,0.41586301302132195,0.8946627786129526,0.39547632321531256,0.07506390927397243,0.8947858147238018,0.734776294447278,0.4172387632298413,1.2583285891668827,8.818797890963298,1.5937409285890805,34.05745963094843,0.002019889166627009,0.0018667893236245633,0.002169699087133496,1.5841530817504441,0.6759576858707907,3.5696248758560967,0.1991758795063164,0.1046381538142192,0.29632740956189296,0.5079036164185285,0.041204919991910456,0.9736612482170671,0.4848388973834027,0.12643163206807953,0.8320950585081971,0.7717569353445688,0.15053958542578932,1.451458331415438,0.6129266953168713,0.060463146666493224,0.9866146919443847,0.2005898019229553,0.10606368757858846,0.2977226568218904,0.3205898019229553,0.22606368757858847,0.41772265682189047,0.3205898019229553,0.22606368757858847,0.41772265682189047,2.081324028833695,0.8219192705557211,5.022533528927785,13.607845412273777,2.127446728550104,58.80271809905535,5.758989687574737,0.6995123559333427,24.328790708232486,0.639800910979153,0.43965146007666134,0.8239744817263713,0.09136047574520444,0.01233561236409713,0.23921851403389102,0.26883861327564246,0.10955541615906993,0.46262319301415317,0.0011439020351567762,6.326159479225803e-4,0.0018476244940210688,1.625603730303543e-4,2.133573190618278e-5,4.5035134562922406e-4,4.790862376971465e-4,1.7990068341070575e-4,9.215318166153202e-4,6.446968602136318e-5,6.391481852879778e-6,1.0384482289777976e-4,3.873518667711163e-5,7.741314892009964e-7,1.647536318783995e-4,1.4784168288525657e-4,2.2031680532322728e-5,2.3069030891810353e-4,0.7441630540287204,0.41586301302132195,0.8946627786129526,0.07797298670359386,0.04356349094900639,0.09406335833672369,0.17786395926768575,0.011061136016899845,0.540299701873329,3.3685568434658884e-4,3.3372919021288955e-4,3.400871048553735e-4,1,1,1,0,0,0,0.12,0.12,0.12,0.85,0.85,0.85,0.85,0.85,0.85,0.7,0.7,0.7,0.99,0.99,0.99,0.5,0.5,0.5
Jharkhand,0.003209375787884476,0.0022989481841349285,0.004273408246973727,0.014474872083162175,0.010426180117792483,0.018442782362852888,0.6029471454468813,0.3075411311792394,0.7083150032041341,0.6611393040303963,0.17855316936470336,0.976282158714129,0.6995276818772582,0.46635765604360807,1.0477762049229953,1.5517139569934857,0.8380768661675106,2.752718694226564,0.004828854652484916,0.004525840547182343,0.005108845782247668,7.208283106735746,2.0580612321019647,22.66482672682498,0.20019422427691258,0.10518965860215203,0.2940733213378694,0.43247649785587533,0.015036130959622898,0.9643518591304174,0.5159368901194311,0.12679533540766813,0.8333629123684715,0.9241093242784949,0.2650600759087786,1.4695983741028085,0.6815438958634144,0.25007747563626964,0.9798823957439545,0.20357442253365202,0.10856555493439135,0.2974580875395433,0.323574422533652,0.22856555493439137,0.4174580875395433,0.323574422533652,0.22856555493439137,0.4174580875395433,8.697345327224388,2.3018575969417303,28.91550456311154,2.8034054689777985,1.3593571165597202,5.4057922446271185,0.29439669895096815,0.058604552766781545,0.7608400555955948,0.6682843409231193,0.5180097827105723,0.80441305968035,0.2607313383956195,0.14579727453060595,0.39837615910375934,0.07098432068126118,0.016599017182768426,0.1605873485100687,0.002145217506475722,0.0014182222465711522,0.002995832544849155,8.361427670932749e-4,4.28786094480983e-4,0.0013949066506500547,2.280155143154717e-4,5.002908212068437e-5,5.434590605255811e-4,4.7183445799311644e-4,1.721519562874185e-4,6.789507991217542e-4,1.2778809941312876e-4,8.384599285843359e-6,2.758879077742911e-4,1.3343980388728083e-4,4.106615898621188e-6,2.7858930283758724e-4,0.6029471454468813,0.3075411311792394,0.7083150032041341,0.24262059710861697,0.12364164517645397,0.2848479039975424,0.15443225744450167,0.006942532431806592,0.5688181525123882,4.7693760784480897e-4,4.7454441185967275e-4,4.7936248136011154e-4,1,1,1,0,0,0,0.12,0.12,0.12,0.85,0.85,0.85,0.85,0.85,0.85,0.7,0.7,0.7,0.99,0.99,0.99,0.5,0.5,0.5
Karnataka,0.006857583532062873,0.0055252882019702415,0.008365803708542733,0.07797428637661605,0.07480867026385755,0.081082493529013,0.6854873254450042,0.4288873855499196,0.7769275686495726,0.6761418955535964,0.21111150260424083,0.9862754217925798,0.5423813202044017,0.326685844532423,0.8797905844219436,0.6032669374968884,0.345359626632821,1.037156297710774,0.0028983333975036015,0.002698653853684638,0.003102611839612475,0.7751358915589706,0.4057355189002725,1.510009945922649,0.20833177711903098,0.10750472436657238,0.29504193886805,0.39599314912478994,0.012619735918558988,0.9483662363214344,0.5330719627986021,0.14297208960104124,0.8381163657911256,1.1047908024513151,0.5966344224316152,1.4809229356304996,0.20558021025197268,0.005884848728130094,0.6786041733066475,0.2103606104972835,0.1095119487015897,0.2970947016334447,0.3303606104972835,0.2295119487015897,0.41709470163344464,0.3303606104972835,0.2295119487015897,0.41709470163344464,0.9371787957805658,0.4645633751006351,2.04093546157115,1.6879980358185984,0.8217961900150041,3.1597728672822476,0.6442657544268124,0.23316256177117728,1.354689267676826,0.4950281707365188,0.35659943169245145,0.635051320896772,0.3161303324270663,0.1890566438544951,0.4612590116880614,0.18884149683641488,0.09187680292370404,0.3147845951204379,0.0033942626258800365,0.002268510718652261,0.004677216834937131,0.002168947085104969,0.0012346805770770833,0.0033334782363322033,0.0012943738210778664,6.02885792313888e-4,0.002206792073669153,7.943656979175302e-5,2.2754306824843376e-6,2.6323358696124657e-4,1.375852697757397e-4,5.6623926838487336e-5,2.1801414084074802e-4,5.468463487308294e-5,1.0006135063807e-6,1.5241088363249404e-4,0.6854873254450042,0.4288873855499196,0.7769275686495726,0.19407954392240442,0.1207703166943896,0.220195694015622,0.12043313063259137,0.003063680017827778,0.4499809434092187,4.445238264401924e-4,4.428293802936202e-4,4.46184923007126e-4,1,1,1,0,0,0,0.12,0.12,0.12,0.85,0.85,0.85,0.85,0.85,0.85,0.7,0.7,0.7,0.99,0.99,0.99,0.5,0.5,0.5
Kerala,0.0010262199282743338,5.829503090882633e-4,0.0016091573753404843,0.0656074201040752,0.05988974613457099,0.07127571604121531,0.7056613942919717,0.4365477566219366,0.8002840636698764,0.6533671857864577,0.19080539488348935,0.9803666433894538,1.0015320824212808,0.5404087604999057,1.8850831898497689,8.689606833433858,1.4722122083982057,37.28535270217184,0.0010674985485976374,0.0010040567702655676,0.0011280953465797538,4.130165019210167,1.1525299773666344,12.783640833590614,0.20057040388386263,0.10418454124533047,0.29494456936434604,0.41513047336254044,0.014742575999671796,0.9593642816060417,0.5135566289114776,0.12804849668465412,0.8347415520465918,1.0125188591071748,0.41650006850822524,1.4705223748820904,0.28893091309345126,0.010193112081460523,0.8471157894637698,0.20131765286788098,0.10490667899395088,0.2956702649689897,0.32131765286788094,0.22490667899395086,0.41567026496898973,0.32131765286788094,0.22490667899395086,0.41567026496898973,4.766844740323252,1.2657252196126492,15.516490164342251,10.365600917486054,1.3931477398786865,43.72999367319414,2.8978722492561912,0.20769009636510155,13.116972760478586,0.6724301061676965,0.4261588053385852,0.8697254145969048,0.13480549603581043,0.017280013034475357,0.34843522711171837,0.19276439779649304,0.0451494042515128,0.4137682471584938,6.89740640767386e-4,3.343429623115212e-4,0.0011491564929531901,1.388093386244312e-4,1.5437818204861992e-5,3.904211754021043e-4,1.9766994888250852e-4,4.216604603581788e-5,4.6794490233396306e-4,6.419530699520412e-5,2.2778587539185467e-6,1.880698564115368e-4,7.894275783192454e-5,2.056914069418349e-5,1.3586937362957479e-4,4.027636763232391e-5,9.851672585655475e-7,1.0812820458633128e-4,0.7056613942919717,0.4365477566219366,0.8002840636698764,0.1726501960980272,0.10711699016968952,0.1962890865055115,0.12168840961000112,0.003908949373108434,0.4553358031238883,2.6066566011929553e-4,2.5873684935251873e-4,2.6260082499376627e-4,1,1,1,0,0,0,0.12,0.12,0.12,0.85,0.85,0.85,0.85,0.85,0.85,0.7,0.7,0.7,0.99,0.99,0.99,0.5,0.5,0.5
Madhya Pradesh,0.0015072599051464226,0.0011404339398959668,0.0019411208115945398,0.030898097422329775,0.028380756456932766,0.03331027702950359,0.6657365042491769,0.4942658738776602,0.7211717905795961,0.7943248554221561,0.37514935233820834,0.9919809800548683,1.3402735767322498,0.9887535461801037,1.773205513151646,6.948194234676451,3.656568966855737,12.914858868790906,0.005323467336129202,0.0051615911642713865,0.005478355327853441,20.81234392356206,7.04659462147354,56.4074071457517,0.1996830139422097,0.1035684928031985,0.29536226717229386,0.3479652578697894,0.008618451330629497,0.9464726668401656,0.5310201336241662,0.14000103038681067,0.8379392293755041,1.2765074231882296,0.9190149298416986,1.490298692127122,0.12229845896543623,0.0030796111330427373,0.3977105085510415,0.20340944107750014,0.10733170931998733,0.29905722665880746,0.32340944107750014,0.22733170931998734,0.41905722665880746,0.32340944107750014,0.22733170931998734,0.41905722665880746,23.990015496487473,8.053468911006613,65.90158411540821,5.541381064248873,2.7298804348342003,10.667072739408988,0.44016392873097787,0.09850856507955096,1.187344422880808,0.7811510661766866,0.6735643171004324,0.8724647077254748,0.1567795778004231,0.07952972089807263,0.25513197691667205,0.062069356022890224,0.017744990768130783,0.13295173541152705,0.0011774638371662937,8.697293511100333e-4,0.0015609605225768855,2.3605767247206815e-4,1.1333140493493175e-4,3.9931258895694824e-4,9.373839550805411e-5,2.5757526728381707e-5,2.0457119472561553e-4,1.0657300924404097e-4,2.689962053501846e-6,3.4676909099495444e-4,2.952643901460449e-4,2.1381299390914852e-4,3.811591238956513e-4,4.062704455099293e-5,8.920633730426984e-7,1.3340024119505554e-4,0.6657365042491769,0.4942658738776602,0.7211717905795961,0.2553765783976355,0.18982770915279942,0.2767725062323845,0.07888691735318765,0.0022348820509927028,0.3159164294340274,6.527019540017139e-4,6.504639528084732e-4,6.549811826189653e-4,1,1,1,0,0,0,0.12,0.12,0.12,0.85,0.85,0.85,0.85,0.85,0.85,0.7,0.7,0.7,0.99,0.99,0.99,0.5,0.5,0.5
Maharashtra,0.0010356984217266575,7.534673352358642e-4,0.0013713835938847535,0.0647559409515834,0.0627329618589295,0.0667966959704334,0.5436858156196099,0.3262137991024986,0.610059049784982,0.7842795084399651,0.3070147877607243,0.992486794140347,2.2646607441418087,1.5294377681118632,3.365548963230808,6.265612775095437,3.285749817052916,12.19738119571913,0.006098761522895085,0.00595280308502791,0.006232091223525962,6.031761932766032,3.1635508381454573,11.149989447887672,0.20048285178121034,0.10530895560122874,0.2956434524283963,0.3443966806642879,0.006949982745056468,0.9485055882197627,0.5355076212639509,0.13907425125035458,0.8359705299321342,1.252315233330703,0.9326486134963498,1.490025845724387,0.1215311235182603,0.004123687994337839,0.3668470547044316,0.2047519848472369,0.10956006428964547,0.2998958467107692,0.3247519848472369,0.22956006428964545,0.4198958467107691,0.3247519848472369,0.22956006428964545,0.4198958467107691,7.501664871461606,3.732620959648356,15.117623226426339,3.0092929096650902,1.4031077858495575,6.14710255835272,1.1000443760324357,0.39329657946244084,2.4607320795517826,0.5758495118424437,0.4405000095767649,0.7118163126560768,0.2134810662456712,0.10864925014689968,0.3373825584379404,0.21066942191188506,0.10960356006169884,0.33451353187744065,5.965448822852045e-4,3.86981191492076e-4,8.468322858412496e-4,2.2083435666344964e-4,1.0192481992579175e-4,3.763798584883745e-4,2.1831918277799212e-4,1.0625265361483025e-4,3.71761779216421e-4,1.1713823264313489e-4,3.956815332614068e-6,3.535660053553931e-4,3.2532076248499754e-4,2.3090518101668875e-4,4.3250880091926473e-4,4.737817542200866e-5,7.364687362842566e-7,1.5334665316306753e-4,0.5436858156196099,0.3262137991024986,0.610059049784982,0.3448591652234299,0.2068623222460037,0.38705575583520224,0.11145501915696013,0.0029352996756509026,0.46692387865149776,4.761057233972235e-4,4.7479907338743e-4,4.7742587619202574e-4,1,1,1,0,0,0,0.12,0.12,0.12,0.85,0.85,0.85,0.85,0.85,0.85,0.7,0.7,0.7,0.99,0.99,0.99,0.5,0.5,0.5
Manipur,0.002151696247708602,0.001553456748251265,0.0028638069007086504,0.09921380348542147,0.09710149368722297,0.09998056530970452,0.5985403487087255,0.2905945283855387,0.7469431008857488,0.5482091355886829,0.13226787517162567,0.9557105724644029,0.6056826087183542,0.37552952387558114,0.9481512462056865,1.6266843129760522,0.7760507090447625,3.3503225844280156,0.001731471713041504,0.0014778440823129254,0.0020068968834940633,1.448036859382345,0.6997431204042097,3.106869204966233,0.20304492837466442,0.10559696075388088,0.29618279246597423,0.4769591482843658,0.02862475876782646,0.9700866405294567,0.5016059278239996,0.1282217093044599,0.83432040292099785,0.8386128385567739,0.2829482759258703,1.4569761383284359,0.3147691691645355,0.011055848128668673,0.8955710657165847,0.20425695857379347,0.10681668146408607,0.2973553759013838,0.32425695857379344,0.2268166814640861,0.41735537590138383,0.32425695857379344,0.2268166814640861,0.41735537590138383,1.9545005839438028,0.8282698812608321,4.897784221787488,3.255081898681438,1.3838319092989717,6.9396353093721945,1.0914758052172535,0.34382781910948285,2.5672550077823937,0.592984035790687,0.43249418224193975,0.7381081611901471,0.20738832052221368,0.09761054625964545,0.3411558334576872,0.19962764368709926,0.09190221590867491,0.3323898599898574,0.0012758151955571334,8.119203766752879e-4,0.0018413096192601967,4.4639827010309113e-4,1.912638531677495e-4,8.082396901607606e-4,4.2948278204836787e-4,1.82311476268831e-4,7.654663264869822e-4,6.672893017530489e-5,2.34001624712731e-6,1.8878953234860175e-4,1.005843513097654e-4,1.2462350135121575e-5,2.2674069601719601e-4,1.1958366083895488e-4,6.923231794255311e-6,2.290332388010275e-4,0.5985403487087255,0.2905945283855387,0.7469431008857488,0.19440430559805688,0.09450894096182899,0.24471294802206128,0.2070553456932176,0.011162549594200228,0.6161101479997914,2.5051751553626934e-4,2.4375491241849975e-4,2.572427880438385e-4,1,1,1,0,0,0,0.12,0.12,0.12,0.85,0.85,0.85,0.85,0.85,0.85,0.7,0.7,0.7,0.99,0.99,0.99,0.5,0.5,0.5
Meghalaya,0.002246083256904522,0.0016075111397850267,0.0029950281856572984,0.09158676409803336,0.08000765088560029,0.09947592058250898,0.7585564898238822,0.4695580032858217,0.8615415406415073,0.5815241407820078,0.13714653695799903,0.9749689803106217,1.0065139996141195,0.654768837485869,1.5132258925740585,2.904333496144553,1.407886942866182,5.84659714060898,0.001374033322377056,0.0011853383689709742,0.0015697055991210254,2.704948832925111,1.2915751146222905,5.5931681884999005,0.19995356086986,0.10499770679382688,0.29487867778372984,0.42762831768078613,0.01897438202705651,0.9511346672811392,0.5087097779697414,0.13024602547175174,0.8335593713284982,0.9484862796371436,0.40020560933402327,1.4616685791485913,0.25912535265588993,0.007195672503220972,0.8240387979117186,0.20091538419552396,0.10594120802187244,0.2958190037756572,0.32091538419552396,0.22594120802187245,0.41581900377565717,0.32091538419552396,0.22594120802187245,0.41581900377565717,3.4176166101067924,1.5544323742080501,7.672097646699155,3.293916481413381,1.345126297465822,7.26972383799189,1.1234993562878735,0.3610986825218926,2.77116653880863,0.5921282260706201,0.43824666434685167,0.7386714146309951,0.205937324788098,0.0942391073229757,0.3469069338336303,0.20193444914128192,0.09293661212918249,0.34093950755660024,0.0013301387988945686,8.607340400968457e-4,0.0019149269735366623,4.6165125143575583e-4,1.980429271134645e-4,8.126094068122809e-4,4.5429320657418797e-4,1.91104524280739e-4,8.185665247663664e-4,8.273584637706628e-5,2.2747682022374554e-6,2.654578055686858e-4,1.306381507214131e-4,2.96837176703523e-5,2.4252010581333726e-4,9.02254032089123e-5,2.5406051270730557e-6,2.046582313590228e-4,0.7585564898238822,0.4695580032858217,0.8615415406415073,0.11869803788299926,0.07335530920620686,0.1364081091512222,0.12274547229311847,0.0034297220509668627,0.45937844571843717,5.492705528383118e-4,5.406699408576637e-4,5.578472608313298e-4,1,1,1,0,0,0,0.12,0.12,0.12,0.85,0.85,0.85,0.85,0.85,0.85,0.7,0.7,0.7,0.99,0.99,0.99,0.5,0.5,0.5
Nagaland,0.0023972099618313042,0.0017305143357279607,0.0031816850112481258,0.08845592600134239,0.075371736369505,0.09874089517242053,0.7458205075111957,0.5019589676549909,0.8228629281854676,0.6935856409839684,0.21288915852125906,0.9876804916365204,1.259641673718191,0.8282349051705138,1.9023182942396755,3.7457745288299047,1.8148863576473973,7.688653317549252,0.0019233049839737812,0.0016386931913272308,0.002226213200610457,3.4611468341023732,1.6934089757669868,7.114060007308314,0.1994890474157732,0.10410815664582528,0.29540660158651133,0.35954497649583284,0.011852713625171124,0.9416153545430747,0.5292409629123097,0.1418446985532392,0.8349618255818412,1.154786180178631,0.6816221631964783,1.4860361688116837,0.18605203094611303,0.004990823271635283,0.5914532962759033,0.20083536090455484,0.10548979650557973,0.2967634660869948,0.32083536090455483,0.2254897965055797,0.4167634660869947,0.32083536090455483,0.2254897965055797,0.4167634660869947,3.9550142580480645,1.8319504509961713,8.3191015519682,3.316391426873507,1.4051470358167129,7.383513015892719,1.1457277168270232,0.36819833471175795,2.7502399435074345,0.5919339803227579,0.4342347397913088,0.7390361726069333,0.2040324774188425,0.09322707287144581,0.3379706054259287,0.20403354225839956,0.09322915203405119,0.3402456479565229,0.0014189350129276623,9.077591444602884e-4,0.002043404805764807,4.900929447200402e-4,2.0814881929636148e-4,8.754924898061148e-4,4.881820041835924e-4,2.1115035010385076e-4,8.679984361408885e-4,9.662310933411217e-5,2.631649098656177e-6,3.080284253889596e-4,1.7585488277766767e-4,9.365948661622937e-5,2.5433102118938976e-4,5.0457222235111744e-5,1.1155420168538294e-6,1.4253505113842607e-4,0.7458205075111957,0.5019589676549909,0.8228629281854676,0.1591395469720233,0.10667782969632619,0.17762501506062506,0.09503994551678106,0.0022179091574353713,0.39224785803167067,7.615607411879337e-4,7.487235213969497e-4,7.745557596949065e-4,1,1,1,0,0,0,0.12,0.12,0.12,0.85,0.85,0.85,0.85,0.85,0.85,0.7,0.7,0.7,0.99,0.99,0.99,0.5,0.5,0.5
Odisha,9.644303726488146e-4,6.581299582714448e-4,0.0013235385127177205,0.04485211780926772,0.040737610044248376,0.04887679931900985,0.8190143455891603,0.5705684165448398,0.8960262967198949,0.614895711208531,0.1501025208397254,0.9748111727790516,1.2975425343818627,0.8630061897585967,1.9559199568064138,15.626938707824818,4.360532699822382,49.29605254926723,0.006520629802487739,0.006331383550700584,0.006702883699081976,7.715201613801207,2.9312866769975106,19.730584402722346,0.19987609339242485,0.10570503130010125,0.29532754572532854,0.3937853537294233,0.011274008151382787,0.9583907137125168,0.5211937891251953,0.1348774703697723,0.8355049734643171,1.0022174955564074,0.41216565876191497,1.4723823782290326,0.31514637601706785,0.008887770990205055,0.8853622946017238,0.20444053425416625,0.11028259640467959,0.29992971901418747,0.32444053425416625,0.23028259640467957,0.41992971901418746,0.32444053425416625,0.23028259640467957,0.41992971901418746,8.804342382091463,3.22161244361514,23.057498647200937,12.868505078989028,3.3515572873827857,41.569892907922245,2.4336628374326996,0.4026374841786225,8.399160297700876,0.7665808364595387,0.6118686131170163,0.8903807407807467,0.08802471309748656,0.019528160572811884,0.20290202000461943,0.14539445044297478,0.04910383970354455,0.28487115268353114,7.393241974336399e-4,4.7800078119104324e-4,0.001062326975154105,8.488181025997549e-5,1.819473435984054e-5,2.0369433408454438e-4,1.4022436495519315e-4,4.2838365587038085e-5,2.933050774234763e-4,5.5583992994726626e-5,1.5650524690871503e-6,1.5605182004459675e-4,6.256400532763921e-5,1.2378282818378304e-5,1.1269229595718101e-4,3.829864158379123e-5,8.645356807734988e-7,9.800771306428519e-5,0.8190143455891603,0.5705684165448398,0.8960262967198949,0.09269476064406595,0.06432357662222575,0.10162944683809613,0.0882908937667737,0.002613368469941067,0.3647683752799807,4.922450603124234e-4,4.899931632169382e-4,4.943612340134887e-4,1,1,1,0,0,0,0.12,0.12,0.12,0.85,0.85,0.85,0.85,0.85,0.85,0.7,0.7,0.7,0.99,0.99,0.99,0.5,0.5,0.5
Punjab,0.002205281436538594,0.00142101052698173,0.003153385321854906,0.054438342093807456,0.050716382676552804,0.05825356631366338,0.6823972630183318,0.4553046696039513,0.7587539180910794,0.7265457518844796,0.2634931809068516,0.990106497265539,0.965549322574018,0.6032205157513261,1.541034164279115,7.5360395219731,2.1941982581460544,24.400209607031492,0.001324740127591392,0.0012327001467166332,0.001417821803237748,7.54498851440113,2.0851399540770914,25.43255433859317,0.20026472435618567,0.10515153882211353,0.2950903300865949,0.38079997986692354,0.012911143157240072,0.945448824719189,0.5305045036286935,0.1365848572737897,0.8381886612871573,1.1366158188270923,0.5548388965831045,1.4844415394279844,0.3075223808759792,0.016320741322035714,0.8113329178890735,0.20119204244549965,0.10608852992200944,0.296064260544075,0.32119204244549965,0.22608852992200945,0.41606426054407497,0.32119204244549965,0.22608852992200945,0.41606426054407497,8.942260093622552,2.3814278048516093,30.401259196003306,8.668968441964022,2.1860991748646867,28.91664542845381,1.395863280778905,0.16913971599482727,5.329390966981347,0.7512216905424587,0.5631972581805738,0.9001928550518027,0.12617344825161303,0.028960742866115524,0.2749738648554663,0.12260486120592824,0.027542009196636824,0.2738688664454518,0.0016559883688527608,9.91914963984446e-4,0.002487366946875092,2.7808277133615833e-4,5.822836874098938e-5,6.556560303269611e-4,2.7121029634966635e-4,5.3950189366790976e-5,6.566374410754429e-4,2.0502429988991967e-4,1.0894948731202656e-5,5.418202133127255e-4,1.9825276961341314e-4,6.595415934149151e-5,2.8904054941808775e-4,6.465680522600663e-5,1.1108129398755725e-6,1.9692538040631577e-4,0.6823972630183318,0.4553046696039513,0.7587539180910794,0.21491456682482485,0.14357225862906248,0.23924300508006563,0.10268817015684328,0.0023809846759248257,0.40130747443685144,6.342178185463562e-4,6.311349537571763e-4,6.37297513650849e-4,1,1,1,0,0,0,0.12,0.12,0.12,0.85,0.85,0.85,0.85,0.85,0.85,0.7,0.7,0.7,0.99,0.99,0.99,0.5,0.5,0.5
Rajasthan,0.0036069670957423893,0.002747221899945129,0.004613062708027506,0.05948261287671439,0.057241785579892034,0.061697462634095326,0.5830553060606176,0.33043930248988057,0.6931324489278904,0.6470284365585337,0.2122874502698119,0.9715211889627889,1.2238423753812775,0.8222242422028492,1.8133278828255393,3.5717886495372584,1.827369922655367,7.057414062203545,0.0017117160715586007,0.0016106892748572628,0.0018065118369196625,1.3315856710538387,0.8418299160991137,2.036849965793244,0.19924519155022408,0.10494600387383575,0.29474593077574074,0.4462829770198847,0.02467214459098908,0.9668528689038154,0.5127108581926457,0.1289625275975235,0.837393867718815,0.8816671738328018,0.2642053437673338,1.4609106296781085,0.6623572379039934,0.27555522193881987,0.9769806706400497,0.2004433928003151,0.10618374263036837,0.29595827157418325,0.3204433928003151,0.22618374263036836,0.4159582715741832,0.3204433928003151,0.22618374263036836,0.4159582715741832,1.7037906264909912,0.9871674212260626,3.17484749185422,3.267914869130981,1.464637775143909,6.8773203377947185,2.331925212042421,1.0127283385067074,5.0481764193378655,0.48629884097082865,0.3576363002618917,0.6095132497900818,0.16653669494667397,0.07973623625000385,0.274082748806777,0.34716446408249735,0.2338503641782719,0.46914819290505394,0.0017534488761920385,0.0011749537905541337,0.0024507305872360045,6.015311970048904e-4,2.7203295635137273e-4,0.001043447477617177,0.001251987022545455,7.79314545880668e-4,0.0018527275294299647,6.946005633367559e-4,2.892485283680085e-4,0.0010245945611706466,2.1891151936754237e-4,1.4174229935696609e-5,4.83926718252121e-4,2.3862044629351692e-4,1.0038772191317129e-5,4.6713828103310296e-4,0.5830553060606176,0.33043930248988057,0.6931324489278904,0.25068395246738745,0.142056389746779,0.2981295941336409,0.16626074147199488,0.00873932677707766,0.5275700454012907,6.21266045106114e-4,6.19467883975411e-4,6.230916417471665e-4,1,1,1,0,0,0,0.12,0.12,0.12,0.85,0.85,0.85,0.85,0.85,0.85,0.7,0.7,0.7,0.99,0.99,0.99,0.5,0.5,0.5
Tamil Nadu,0.003200964706128711,0.0025034431044874956,0.003982865781213989,0.09988781752210207,0.09957278109806517,0.09999654141253203,0.6743201776521041,0.45064218684015717,0.7484722215734481,0.7343148062177787,0.27333092087387323,0.99087258399682,1.0786712742495228,0.7161979826625794,1.6104715085847106,0.9514147236765554,0.637490871033626,1.4124358002010051,0.0016978654074501906,0.0016136064329010413,0.001784627484256804,1.471908379306484,0.8818599346762092,2.439356277226377,0.19879415545715803,0.10552290634248127,0.29443041757958227,0.3656698571797692,0.012967198251830151,0.946063271630452,0.5295170773149397,0.1367648343319808,0.838865514278347,1.2271117169654693,0.8456473110922966,1.4879724972922244,0.13050998058323163,0.003164754444076486,0.4437547612378601,0.19998266124237318,0.10673751864606262,0.2956539764222907,0.3199826612423732,0.22673751864606265,0.4156539764222907,0.3199826612423732,0.22673751864606265,0.4156539764222907,1.6957090784577946,0.9622234221202827,3.1362210086913946,1.1329427756378971,0.6405722951474833,1.8501031768278644,0.5956638814443442,0.2932684607328237,1.0418200174102195,0.40934185036716747,0.2962504794160303,0.5232094089765179,0.3752160671969815,0.2676188450053325,0.49262628033366146,0.21544208243585106,0.12796694425149333,0.31458767308836344,0.0013095844792067515,8.763755065485504e-4,0.0018201723995417717,0.001201196876736768,7.997334474399053e-4,0.0017005770170441194,6.901833501851863e-4,3.891474879840808e-4,0.0010743901201599694,6.447850436922418e-5,1.5726227657847602e-6,2.1877893518257107e-4,1.6466367368034765e-4,1.0628506360098048e-4,2.27590673808764e-4,3.5435942698143175e-5,7.562898506671402e-7,1.1019437565951125e-4,0.6743201776521041,0.45064218684015717,0.7484722215734481,0.22449514019415148,0.1499282774230788,0.2492393574677244,0.10118468215374449,0.002281054329750556,0.39912565285535867,4.452494677913463e-4,4.435682582817627e-4,4.469078858374932e-4,1,1,1,0,0,0,0.12,0.12,0.12,0.85,0.85,0.85,0.85,0.85,0.85,0.7,0.7,0.7,0.99,0.99,0.99,0.5,0.5,0.5
Telangana,0.002648515622842289,0.0019021925223190593,0.0035520227715101884,2.8300649812419644e-4,7.633655152885952e-6,0.0010158391932825212,0.6430025322094077,0.4313727440931866,0.7020686417997765,0.7958409477377897,0.3207510508452425,0.9947418269993423,1.82902358287833,1.0514273405291976,3.076152121427803,2.526810155615024,1.2920007429040823,4.712891558615639,0.0034532491566525423,0.003263549632707926,0.003633017615930888,1.7660257382038709,0.9803331068786705,3.1183120318359268,0.1986445578877557,0.10529974910273751,0.29417334684948826,0.33086803756347066,0.0055739711582777785,0.9323332059965426,0.5412499664110488,0.1463243825059055,0.8370760520046047,1.2608259002187354,0.7149209131161121,1.4911562446835365,0.35160040813571836,0.05683057581632017,0.7457024891246657,0.20106183229741248,0.10766499794275848,0.2965139093584633,0.3210618322974125,0.22766499794275846,0.4165139093584632,0.3210618322974125,0.22766499794275846,0.4165139093584632,1.9976744752482352,1.0509086358379611,3.7862747147662494,1.6944362510185769,0.6802635882148886,3.696216876750871,1.306916074678698,0.4958575972242487,2.8694696452233304,0.4111155889577915,0.2579375874850761,0.570557556219993,0.2714378873036258,0.1390552372826853,0.4248184874953478,0.3174465237385827,0.1773107910067203,0.47628960922516056,0.0010886255805702253,6.201307377384365e-4,0.0016977202290029852,7.19772618094102e-4,3.4536024378160895e-4,0.001253842770074044,8.401174241779528e-4,4.3662245230920225e-4,0.0013837159873557048,3.236634815734961e-4,5.208523238943242e-5,6.868249323312695e-4,2.366173530405372e-4,1.116561697790015e-4,3.2824387385252e-4,3.848691963659453e-5,4.001561871798094e-7,1.523239612687268e-4,0.6430025322094077,0.4313727440931866,0.7020686417997765,0.2714080545685429,0.18247663514796308,0.29663715938641466,0.08558941322204945,0.0015563885501385186,0.38644689263735443,5.74289686747283e-4,5.717037474075488e-4,5.76893315325131e-4,1,1,1,0,0,0,0.12,0.12,0.12,0.85,0.85,0.85,0.85,0.85,0.85,0.7,0.7,0.7,0.99,0.99,0.99,0.5,0.5,0.5
Uttar Pradesh,0.0042976900103973825,0.003640261281378637,0.004992267141988139,0.016046551005733618,0.014704158420876197,0.017406659963933525,0.5763284299435846,0.3450184714793909,0.6805964347344736,0.6663928301966066,0.24202152190907344,0.9808182605250105,0.7742594068225309,0.5998895667793325,0.9870678361667761,2.0343663360168565,1.4022054743045849,2.8998547125636547,0.006613911220312249,0.006374298850926186,0.00685080767146783,1.9251090686546612,1.3220920676399806,2.787757095147264,0.2001497379806524,0.1043836825355948,0.29541674701285864,0.43855378033465003,0.024599754758667255,0.9695413811002964,0.5130334280829172,0.1280942649310084,0.836482019972689,0.9586517521875706,0.5206554633050047,1.4598130629616224,0.24112191151031098,0.01797532173330517,0.5734491630578535,0.20477947583487094,0.10904185934485867,0.3001334096695692,0.32477947583487093,0.22904185934485868,0.42013340966956925,0.32477947583487093,0.22904185934485868,0.42013340966956925,2.4593179964141445,1.5376293550398186,4.239393339191383,3.0695799950444638,2.017686271800872,4.442031273535099,0.9363903213678076,0.5560328235239004,1.4666486162251815,0.6093928354702639,0.5315971927551324,0.6829715794174096,0.20454937424934885,0.14838154378271523,0.27068908432198063,0.18605779028038724,0.12927765603359723,0.24857236145323275,0.0026188209947809495,0.0021027025966365034,0.0031596574622024375,8.790371908372074e-4,6.063846029837505e-4,0.0012104891624053749,7.998318247792177e-4,5.408194103734406e-4,0.0011122087074734856,2.4164503164255614e-4,1.803492882369861e-5,5.747813521161068e-4,4.2212086615520583e-4,1.9922153083724324e-4,6.898890782488715e-4,1.9837281666974487e-4,6.026436097944962e-6,4.421292872281015e-4,0.5763284299435846,0.3450184714793909,0.6805964347344736,0.2652318936227774,0.15845592432506414,0.313229785515755,0.1584396764336381,0.006122525192840155,0.4963264808033248,6.078587561947189e-4,6.067832338501193e-4,6.089263254816249e-4,1,1,1,0,0,0,0.12,0.12,0.12,0.85,0.85,0.85,0.85,0.85,0.85,0.7,0.7,0.7,0.99,0.99,0.99,0.5,0.5,0.5
Uttarakhand,0.002939003706602678,0.0018915521855542674,0.004277719136966485,0.03231188270399087,0.02645047898168315,0.0382430379968841,0.6402197888126343,0.37075005913339526,0.7617998231470446,0.5958537465789481,0.17762788175902028,0.9676659338240987,1.1377819278028376,0.6496757777964962,1.9062036965870117,13.968719683249862,2.568174264052269,58.38719050770328,0.0013346869571094111,0.0011962642675851945,0.0014662329690607269,2.5608638558974532,1.1044820010670504,5.8886878702605925,0.19865191797213347,0.10502635743228428,0.2944837976786311,0.45391408538471456,0.023577188989168853,0.9620573215195277,0.49597830449492436,0.12706429908582287,0.8317550324922067,0.8331627559394169,0.2758609282955083,1.4479336427096445,0.4121270157739123,0.02570316898706421,0.9296980790508621,0.19958619884211004,0.10595418910451483,0.2954330809535458,0.31958619884211004,0.22595418910451484,0.4154330809535458,0.31958619884211004,0.22595418910451484,0.4154330809535458,3.189504453390942,1.2785016962098916,7.77428824306238,13.522743616721602,2.1538281988554173,58.8540951546159,5.846097631249923,0.6788402967529308,24.657525310719183,0.6390126591922196,0.4376386118533636,0.813310416044029,0.09196142304142528,0.012104776905091326,0.24072149748770844,0.26902591776635515,0.10819694233991503,0.46756495982184226,0.0018784377686675276,0.0010482507038897502,0.0029956308349943245,2.7071641299095616e-4,3.2834221397937694e-5,7.410425119586307e-4,7.898495249441872e-4,2.8600585243901877e-4,0.0015180487344813168,3.161659222505798e-4,1.9869770290348175e-5,7.13213703990937e-4,3.057829727339643e-4,3.4410634840987014e-5,6.339658480505838e-4,2.936223506311594e-4,1.2569745932016152e-5,5.924226049282095e-4,0.6402197888126343,0.37075005913339526,0.7617998231470446,0.19324653269986003,0.11168984439035567,0.23031211037929095,0.16653367848750567,0.007697469103234689,0.5176403410887314,7.394321228986908e-4,7.338422614383798e-4,7.449145889076826e-4,1,1,1,0,0,0,0.12,0.12,0.12,0.85,0.85,0.85,0.85,0.85,0.85,0.7,0.7,0.7,0.99,0.99,0.99,0.5,0.5,0.5
West Bengal,0.002024646510862172,0.0013980752644185827,0.00275328786992028,0.08227727125711455,0.07943986274096168,0.08511150949049617,0.7121842826762158,0.4404148599929151,0.8125845085162777,0.6268679854539818,0.17662818875108813,0.9776885027804411,0.6448650337289739,0.42014421206360353,0.9867147387520743,3.2437679911813646,1.2646058075145779,8.3091834177256,0.0018407557370340372,0.0017499956994863734,0.0019260912422183472,4.109289878251641,1.3914986019550273,11.514590329810664,0.2002658038273747,0.10470575999932745,0.2956664703340518,0.4170486610088716,0.017541282785015076,0.9572766594936677,0.519136694213683,0.1277706903167131,0.835511745045326,0.9936412718835477,0.4305266260963991,1.4750627386720154,0.26606575060545085,0.007863693991704937,0.8358092773136248,0.20155433284329852,0.10595832569351128,0.29694407295273967,0.32155433284329854,0.2259583256935113,0.41694407295273966,0.32155433284329854,0.2259583256935113,0.41694407295273966,5.006627134733439,1.5979451302067889,15.178579673085906,5.733389776307563,1.9880781341147324,15.215663746389652,0.9886000894622693,0.17998147334476372,2.99385120377234,0.7189313158432452,0.5570385525917685,0.8603090215914382,0.15701780636496632,0.05398953780088675,0.2976831244071048,0.12405087779178842,0.03447861203677747,0.2562310404303912,0.0014552944064739888,9.385912539973195e-4,0.002093698801602024,3.1818040509753364e-4,1.0082293689070127e-4,6.384951820709747e-4,2.51171699290641e-4,6.534270019628051e-5,5.45327931465691e-4,6.421619504300818e-5,1.903093778521621e-6,2.028409902600115e-4,9.19737293154625e-5,2.10027602118261e-5,1.6737748360761825e-4,6.0402597773955676e-5,2.2667620383256878e-6,1.4364638838795254e-4,0.7121842826762158,0.4404148599929151,0.8125845085162777,0.16043532954974055,0.09891193369388476,0.18315161251715809,0.12738038777404367,0.004195245161117219,0.46057192528580254,3.916250809455265e-4,3.902307391276588e-4,3.929590439660515e-4,1,1,1,0,0,0,0.12,0.12,0.12,0.85,0.85,0.85,0.85,0.85,0.85,0.7,0.7,0.7,0.99,0.99,0.99,0.5,0.5,0.5
